3d00800000b301,0.00007584
488b45c84b8d3cf04a8d04700fb70883c101668908488b07488b58284839c3,0.00007584
4157415641554531ed41545589fd534883ec2885ff,0.00007584
4084f6,0.00015168
4883c4285b5d415c415d,0.00015168
41544989fc5553488b9f48040000,0.00015168
4157415641554154554c89cd534881ecc80300004d85c989542418894c241c,0.00015168
534883ec104885c0,0.00015168
f3440f6f2066450f74e066410fd7d485d2,0.00015168
4983bf3802000000,0.00015168
488b78080f1f40004883c010488b104885d2,0.00015168
0fbe170fbe06662e0f1f84000000000084d2,0.00015168
4c89d94829c14883f90a,0.00015168
4c89d94829c14883f90b,0.00015168
0fb70e66890f4883c6024883c702f6c204,0.00015168
31c90fb77a384889d0480342204885ff49898424a0020000664189bc24b0020000,0.00015168
4883c310488b034885c0,0.00015168
be01000000,0.00015168
415741564155415455534883ec284885ff48897c2418,0.00015168
488b02498d4f404885c0,0.00015168
488b55c0488b45c831f644895db04c8945b84c29ca4a8d3c704801d2,0.00015168
682a000000,0.00015168
488d7b11ba07000000,0.00015168
8d50010fb680a0d6650083f808,0.00015168
4c8b6d804d85ed,0.00015168
488b8548ffffffc7401801000000,0.00015168
448b9d50ffffff4585db,0.00015168
4531e44531ed488b8578ffffff4885c0,0.00015168
4983bc24c000000000,0.00015168
4889e8489949f7fb4889c5,0.00015168
498b45084889c248c1e2054885c0498d4c15f0,0.00015168
4801f8488b3e4889384889d748037e084889780849898424c80100004889c8498b8c24980200004885c9,0.00015168
415455534883ec2031ff31f664488b042528000000488944241831c0,0.00015168
4983fd1f,0.00015168
4889e84080e50048d1f85b4889e848d1f85d415c,0.00015168
4885c0488945c0,0.00015168
644c8b242510000000,0.00015168
488b70184c8d68104885f6,0.00015168
660f1f8400000000004883c2010fb60a84c9,0.00015168
488948184885d2,0.00015168
488b53104989542410488b532848c1ea046641899424b2020000,0.00015168
f6451004,0.00015168
498b8424700100004885c0,0.00015168
4863d1ffc148c1e2044889441608488b4018,0.00015168
4801cf4983bfe000000000,0.00015168
c1e80583e00783f801,0.00015168
48897810498b87880200004885c0,0.00015168
4883ec384889042448894c24084889542410488974241848897c24204c894424284c894c2430488b742440488b7c2438,0.00015168
48837d2000,0.00015168
85c00f94c00fb6c041894728488b459041c74718010000000fb6003c3a4d8b6f20b8000000000f45458c4d85ed89458c,0.00015168
488d14364885c90f94c131f6488d42100fb6c9894db84883e0f04829c44889e7488965c8,0.00015168
4489e94183c50848d3e04909c644396c2428,0.00015168
488b8d40ffffff4531e448898d38ffffff,0.00015168
488b4c24384885c9,0.00015168
49b8fffefefefefefefe660f1f440000488b084883c0084c89c24801ca,0.00015168
4889c5648b04251800000085c0,0.00015168
4154ba000900004989fc55534883ec1085c9,0.00015168
83c20139ca,0.00015168
48838540ffffff20488b8510ffffff48398540ffffff,0.00015168
53bb0100000085d2,0.00015168
488b40104885c0,0.00015168
4c8bb00003000031ff31f60f1f8000000000418b0cbe85c9,0.00015168
31c085d20f94c0,0.00015168
4883e80884c9,0.00015168
488b45804885c0,0.00015168
488d471ebb1000000031d248897db048f7f348c1e0044829c44c8d7c240f4983e7f0c745cc00000000,0.00015168
4889febf08000000,0.00015168
0f1f80000000008b50084889d94803084883fa26,0.00015168
4c01d84d8b1a4c89184989d34d035a084c89580849894424684889c84889f14889fe4c89c74d89c84d8b4c24704d85c9,0.00015168
488d51ff482353104989942438040000488b53204989942420040000488b53104989942418040000410fb694241403000083e20380fa01,0.00015168
683a000000,0.00015168
31d24489f1488bb3800300004889df85c00f95c2,0.00015168
488b8d60ffffff483901,0.00015168
0fb68d70ffffffbe0100000031c048d3e64889f248c1e2044885f6,0.00015168
488b7c24084531e4,0.00015168
488b334889ef,0.00015168
0f1f8400000000004883e80884c9,0.00015168
4c89f64939d5,0.00015168
891348890a890a4883c4105b,0.00015168
4983bff000000000,0.00015168
480fbcc2,0.00015168
488b7d804863d0488b14d7803a2d,0.00015168
488b5368498d042c4c397218,0.00015168
4156415541544189fc554889f5534881ecb0000000488b3e,0.00015168
415541544189fc554889f5534889d34883ec284885c0,0.00015168
bfbbfd4000b9050000004889de,0.00015168
8d3c00d1ff83fffc,0.00015168
8078ff2f488d50ff,0.00015168
4c29e04c89ef488d3403,0.00015168
b8af46610055482da84661004883f80e4889e5,0.00015168
488d7c2418be60506100b92000000048c744241070354000c78424980000000000000030db448b2c9d700b4100bf605061004489ee,0.00015168
6820000000,0.00015168
4531c94189d8b9020000004489ea31ff,0.00015168
4989d34d0359084c01d04d8b114c8958084c891049894424704889c84889f14889fe4c89c74d8b4424784d85c0,0.00015168
4883bd50ffffff00,0.00015168
488b124885d2,0.00015168
440fb6d64183fa40,0.00015168
8b13f6c202,0.00015168
83fa016690,0.00015168
488d04db48c1e0044801c8488b104885d2,0.00015168
ffc9488b064c8b46084c8b4e104c8b56184889074c8947084c894f104c895718488d7620488d7f20,0.00015168
415641554989cd41544989d45589f5530fb687140300004889fb488b4f0883c8088887140300000fb61184d2,0.00015168
4531c931c931d241b8000000204889f7,0.00015168
48891f4889e848c1c011488947084c8967104c896f184c8977204c897f28488d54240848c1c21148895730488b042448c1c0114889473831c0,0.00015168
4939c7,0.00015168
4531ff4585c0,0.00015168
0fb686a0d665008d7e0148c1e0084809c539f9,0.00015168
55534889f34883ec084885c0,0.00015168
4883c4084489e05b5d415c415d,0.00015168
488b034885c0,0.00015168
4883c4084889da4889ee5b5d4889c7,0.00015168
488db808090000,0.00015168
4c8b52104d01d14c39cd,0.00015168
4803034883f83f4989c6488903,0.00015168
488b52084c8b4598480313,0.00015168
488b83a00000004885c0,0.00015168
41f68424d403000020,0.00015168
4531c931ff41b8ffffffffb922000000ba030000004889ee,0.00015168
410fb68715030000a802,0.00015168
83f803,0.00015168
4889d34889c2,0.00015168
4c8b33498d59f04c8b5d004c8b55084883c0024883ed0889f14d89d74c8b651849d3e789f94c8b6b1849d3eb4d09df4d39f7,0.00015168
4c89f948030c304883c010488948f04883ea01,0.00015168
4c8b80a00200000fb780b00200004885c0488945c8,0.00015168
488b0841bb7000000041b96000000041b850000000bf40000000be300000004889d1480348084989442460b810000000b9200000004d8b5424584d85d2,0.00015168
418947344189473049c7472000000000,0.00015168
31f685ed41b804000000,0.00015168
4883c308488b2b4885ed,0.00015168
488d42014883c408,0.00015168
64488b00488b00488b7040488b7848488d8e000100006448890a488d8f000200006448890a488b50584881c20002000064488910,0.00015168
beffffffff,0.00015168
415641554154555389fb4883ec3064488b042528000000488944242831c085d2,0.00015168
4889e3488d6c2408,0.00015168
83e0f7888314030000488b83100100004885c0,0.00015168
4885dbc7442410ffffffff,0.00015168
31c0488b4c2410488b7c240848890cc5c0426100,0.00015168
4489e94183c50848d3e04909c68b04ad200c41004489f24183ed0383e20749c1ee03895484408d45014883c5014139c4,0.00015168
498b86b803000089da488b3cd0f6871403000008,0.00015168
83470401,0.00015168
488b8b100400004c8b830804000048894d80,0.00015168
488b5b1831c985c00f95c109cd4885db,0.00015168
49c7060000000049c74708000000004885db,0.00015168
4983c41085c0,0.00015168
480fbcc0ba00000000488d0407403830480f45c2,0.00015168
0f1f400048838540ffffff20488b8510ffffff48398540ffffff,0.00015168
80bd58ffffff00,0.00015168
415731c041564531f641554154555331db4883ec184585f6,0.00015168
4989fe31c0c78554ffffff01000000,0.00015168
488d461881e300000002899d50ffffff48898540ffffff488d45e848898510ffffff488d458048898528ffffff488d458848898500ffffff488d8578ffffff488985f8feffff488d8570ffffff488985f0feffff488bbd40ffffff498b1f488b47e8448b27488b57f84989c34c035ff04585e4,0.00015168
418b4734418b5730,0.00015168
4981f8ffc99a3b,0.00015168
48399380080000,0.00015168
4c8b62084c036008488b3a48899568ffffff4c89e6,0.00015168
4d85e44989c5,0.00015168
488b0e48890f4883c6084883c70881e2f0000000,0.00015168
4883f804,0.00015168
4d8b4424384c89f24c89ee4889c74c898568ffffff,0.00015168
488d4610ba01000000,0.00015168
488b7c24084885ff,0.00015168
4c8b9520ffffff4889d84c89fb4989c74d85d2,0.00015168
498d87b8020000498b97c002000080e502498b87b8020000,0.00015168
4883fa01,0.00015168
31c94885c0,0.00015168
483dfe030000,0.00015168
80fa3a,0.00015168
662e0f1f8400000000004839b840030000,0.00015168
488b65a8488d65d85b415c415d415e415f5d,0.00015168
4c8b7008,0.00015168
66837b1a3e,0.00015168
458d7eff4439fb,0.00015168
488b5608488b0648895424a0488b5610488944248848895424a8488b561848895424b0488b562048895424b8488b562848895424c0488b563048895424c8488b563848895424d0488b564048895424d8488b564848895424e0488b565048895424e8488b565848895424f0488b566048895424f8488b566848891424488b56704889542408488b56784889542410488b968000000048895424188b86880000000d0000000448984889442490488944249831c04c8d4c24284d85c0488d4c24884889c241ba08000000490f45d14885f64863ff480f45c1b90d0000004889c689c8,0.00015168
4c8d442410b9e0074100ba400b41004889ee4489e7,0.00015168
493bb42450030000,0.00015168
488b4208a80241898424d8030000,0.00015168
4157415641554989fd41544989f4554889d5534883ec08,0.00015168
448b4d94890424,0.00015168
49891e488b75b049891848c74310000000004983c40848897b084c896b18498d4008498b5424f84901f6488953204801f341807d002f498d541501,0.00015168
4c89c14829c14883f90f,0.00015168
4889c848baabaaaaaaaaaaaaaa48f7e2498b400848c1ea044839c2480f46c2488945a04801cf4983bfe000000000,0.00015168
b80100000041baffffffff,0.00015168
4c8d40014c39c3,0.00015168
4883c0014889442420,0.00015168
660fefc04883fa4f,0.00015168
554889e54157415641554154534883ec3848897da8,0.00015168
f7d889014883c8ff,0.00015168
83c3014439fb,0.00015168
488d5001b9000400004c89e6bf00866100,0.00015168
488bbd40ffffff498b1f488b47e8448b27488b57f84989c34c035ff04585e4,0.00015168
31f64c89e7,0.00015168
4c8d7c33084d89e84d01f84d39c7,0.00015168
8b7dcc8345cc0189f849890cc78381100300000189b9dc030000488b49184885c9,0.00015168
4883ec1848897c2408,0.00015168
488b324885f6,0.00015168
85c04189c4,0.00015168
0fbed0f7da89d0,0.00015168
48bacdcccccccccccccc488d04b500000000488975c8488945b84883c04f48f7e248c1ea054c8d24924c89e748c1e705,0.00015168
488b14fd08000000488b33488d3c104829d631d2,0.00015168
89d90fb6c083c30848d3e04809c54139de,0.00015168
3c2d,0.00015168
4c0168084885c9,0.00015168
4c89df4829c74883ff0f,0.00015168
8d42ff48c1e003,0.00015168
4531ed904b8b1cef0fb68314030000a808,0.00015168
8b5328f6c204,0.00015168
b980010000bac10000004889ee4489e731c0,0.00015168
4889eeb900040000bf20486100,0.00015168
4c89e94c89e289ee,0.00015168
4839c3,0.00015168
89d0488b7908498bb0b80200008d500148893cc6488b4108488b491080a0140300009f4885c9,0.00015168
488b542440488b7424304889c7,0.00015168
0fb6831403000083e0033c02,0.00015168
48f7d8488d04c14a891410,0.00015168
4883c4084889d85b5d415c415d415e415f,0.00015168
4983c4014983c6384c3b65c8,0.00015168
89f98d79014489c00fa281e1f00f00000fb6db,0.00015168
66450fefc066450fefc966450fefd266450fefdb4889f84889f94881e1ff0f00004881f9cf0f0000,0.00015168
496307898554ffffff48898548ffffff48c1e0034889c648898538ffffff488b45804801f048898540ffffff488b000fbe70014080fe2d,0.00015168
488b7908498bb0b80200008d500148893cc6488b4108488b491080a0140300009f4885c9,0.00015168
807d9800,0.00015168
4983bf0001000000,0.00015168
488d4208488b520848895c24184885d2,0.00015168
4989c34c8b4c24304c8b442428488b7c2420488b742418488b542410488b4c2408488b04244883c448,0.00015168
4181faff000000,0.00015168
41c786cc03000001000000,0.00015168
4889c2488b42184885c0,0.00015168
4531ed,0.00015168
4883c4084889d85b5d,0.00015168
498b8424b80300004489fa488b1cd0488b4338488b40084885c0,0.00015168
4889502083f901,0.00015168
41b90100000064448b24254c00000064c704254c000000010000008b36488b8880030000488d54241844890c2448c74424080000000041b9010000004801f74889c6,0.00015168
4883b96809000000,0.00015168
41837f2801,0.00015168
488914c64883c210488b024885c0,0.00015168
bf210000704829c74889f848890cc64883c110488b014885c0,0.00015168
418b771885f6,0.00015168
48891031c04839d6,0.00015168
39fe,0.00015168
488b5008f6c204,0.00015168
80fa2b,0.00015168
b8a846610055482da846610048c1f8034889e54889c248c1ea3f4801d048d1f8,0.00015168
4889be400400004889fb,0.00015168
4839ca,0.00015168
bf6050610019c031dbf7d083e00d,0.00015168
4489f34c8b7424104c2374240848be00000000000000808b4c24184531c04909f685c949f7d6,0.00015168
baffffffff31c0,0.00015168
6827000000,0.00015168
4883f901,0.00015168
683d000000,0.00015168
80e602,0.00015168
48837c241001,0.00015168
4983fc01,0.00015168
4881c4c80300005b5d415c415d415e415f,0.00015168
4d8b6d184d85ed,0.00015168
498b4510498b55184c3b6818,0.00015168
488b8318010000488b1b48035a08488b400848c1e80385c0,0.00015168
418b0741394734,0.00015168
bf28000000,0.00015168
8b53284c8b8528ffffff488b8de8fefffff6c202,0.00015168
48017808498b8424c80100004885c0,0.00015168
4801c848c745980000000048898d40ffffff48898548ffffff48c740100000000048c78510ffffff0000000048c78518ffffff00000000898550ffffff488d45a848898578ffffff488d459048898570ffffff488d459848898568ffffff488d45a048898560ffffff4889c84531ed4983beb802000000c70001000000,0.00015168
4d8b04244c89c049038424a802000049898424a8020000,0.00015168
4889c74889442410,0.00015168
6801000000,0.00015168
488d842480000000c744242018000000448b5424584889442428488d4424404889442430,0.00015168
4c89e948034a104883c2184c39e2488908,0.00015168
4531e431ed,0.00015168
c1ee0885f6,0.00015168
8b4dc885c9,0.00015168
415741564155415455534889fb4883ec08,0.00015168
448d5e01,0.00015168
4189f44189d531ed,0.00015168
554889e541574531ff415641554154534883ec38c745c80000000048c745b0000000004883e801488945b8,0.00015168
488d47ff4883f8fd,0.00015168
4c39b530ffffff,0.00015168
31c0488b8d08ffffff,0.00015168
bfb6fd4000b9050000004889de,0.00015168
4139d6,0.00015168
0fb6811403000083e0033c02,0.00015168
4989c5488d40014080fd2f48894424104889c3,0.00015168
4157415641be01000000415541545589fd534883ec38c644241000c6442420004c8d6c2410c744240c010000004c8d642420,0.00015168
488b45900fb6003c2b,0.00015168
48034708,0.00015168
488b48f80fb68115030000c0e80383e0013b45c8,0.00015168
40f6c701ba80000000,0.00015168
488b55c0498b37488d7801c6002f,0.00015168
4c8b8578ffffff488b9570ffffff488bb568ffffff488bbd60ffffff4c897dc0,0.00015168
49899750030000,0.00015168
498b87680100004885c0,0.00015168
c7401001000000488b40084885c0,0.00015168
4889df4c896010488968186448333c253000000048c1c7114889780848c7000400000031c05b5d415c,0.00015168
0fb64004c0e8043c02,0.00015168
4883bb2804000000,0.00015168
498b4c24284c396120,0.00015168
8b3083fe02,0.00015168
415741564155415455534883ec084885c0,0.00015168
41544989f4554889d5534889fb,0.00015168
8b458841b8010000004489bd38ffffff48c78570ffffff01000000b9020000004589c783e801898554ffffff488b7580488b8570ffffff4c8d14468bb554ffffff498d3cc46641830201488b1f4139f7,0.00015168
4d89fe8b459085c0,0.00015168
49031f66833b01,0.00015168
488b50704883b89802000000488b5a08488b5068488b7208488b90900000004889742418448b7a08,0.00015168
be2f0000004889ef,0.00015168
64488b042500030000488944246864488b0425f80200004889442470488d442420644889042500030000488b7424088b7c2414488b10488b442418,0.00015168
4939d7480f44d0c60200,0.00015168
4889c74889c3,0.00015168
b85b000000,0.00015168
31d283fe010f94c201d04883c408,0.00015168
498b45004885c048894500,0.00015168
4c8b6008488b83200100004c0323488b500848c1ea0385d2448d72ff,0.00015168
31c90f01d083e00683f806,0.00015168
0fbdce83ceff83c10183eb01d3e6f7d621de,0.00015168
660f1f8400000000004883e8014885c6,0.00015168
4d8b3424498b4424104983c418490307,0.00015168
0fb696a0d665008d460148c1e2184809d5,0.00015168
498b86580300004839c1,0.00015168
488b4424184883c4285b5d415c415d415e415f,0.00015168
4889d1400fb6c64889fa4889d0,0.00015168
498b9748030000498b8750030000498b8f180400004885c9,0.00015168
488b4424104c8928488b4424184883c4285b5d415c415d415e415f,0.00015168
c1e80583e00783f803,0.00015168
488b8d48ffffff488948084885c0,0.00015168
4c8d6c2420488b742408488d5001b9210000004c89ef,0.00015168
85c0488b9568ffffff,0.00015168
c7458802000000c6002fc7459001000000,0.00015168
80f92f,0.00015168
488b542428498910488b54244049895008498b512049895010498b512849895018498b513049895020498b513849895028498b514049895030498b514849895038498b515049895040498b515849895048498b516049895050498b516849895058498b517049895060498b517849895068498b918000000049895070498b918800000049895078498b919000000049899080000000488b54243041899088000000488b542438498990900000004881c4d0000000,0.00015168
4531ed4983beb802000000c70001000000,0.00015168
488b47084531ed31ed488944241048894424080f1f00488b74240831db4885ed0f94c3488b0e4839cb,0.00015168
0f1f80000000004889f84881fa90000000,0.00015168
b808000000,0.00015168
4889da488b7c241848c1e20448035424104829cf48893ac64208014c89f2488bb018040000,0.00015168
488b81180300004c8d91180300004883f8ff,0.00015168
807b0100,0.00015168
4585ed49899ed80200004d896630,0.00015168
0fb687a0d665008d770148c1e0104809c539ce,0.00015168
4889c183e1034883f901,0.00015168
488b40084989c14c0349084889f94829c14939f1480f44f94c01c0488d34384c39e2488b7808,0.00015168
4c8b7808,0.00015168
0f3189d789c60f314189d14189c00f318955a08945b80f3189d18945b00f318955808945980f31899570ffffff8945940f314189d34189c20f314189d54189c40f314189d74189c60f3149c1e12048c1e72048c1e2204809f789c04d09c14809c24929f98b45b0488b7da08b75b848c1e12049c1e72049c1e52049c1e3204d09f74d09e54d09d348c1e7204809c14c29fa4889f84d29dd8b7d984809f0488bb570ffffff4829c14939c9490f46c948c1e6204889f08b75944809f0488b758048c1e6204809fe4829f04839c1480f46c14939c54c0f47e84c39ea490f47d5,0.00015168
534881ec30010000488d44244448897c241848897c24484889742420488974245048894c24304c89442438488954242848895424584889442460,0.00015168
29c8,0.00015168
48017808498b4424684885c0,0.00015168
448b4808,0.00015168
4c3b7ad8b901000000440f45e98b4b04be406251734d89d783e107c1e102d3fe83e60f897228,0.00015168
554889e541574989ff4156415541545389d34881ec08010000f7c2000000084889b548ffffff898d54ffffff,0.00015168
4c29e8488d14314901c64c89e84983ce014d85e44d897508,0.00015168
4883e8014885c6,0.00015168
31c941b80b000000,0.00015168
48c1e00348398510ffffff4c8bad18ffffff,0.00015168
4c89ff,0.00015168
4883fa20,0.00015168
488b4598488b7d904c8d68014d896f20440fb620410fbedc89de,0.00015168
8b570c85d2,0.00015168
488b45004839c3,0.00015168
4889c2488b4c2428448b5c243083e0024885d2,0.00015168
48837a0800,0.00015168
488b83280100004885c0,0.00015168
41b9010000004489e1488955a84489c844894db04489a570ffffffd3e0488b4db8898574ffffff489848898568ffffff48890148c1e004488d3c064889c3,0.00015168
4839d30f95c24883cd010fb6d248c1e2024809d54c89ea4883ca0149896c2408488950084e892c28,0.00015168
66837b3e38,0.00015168
488b53284885d2,0.00015168
410fb600410fb6094983c0014883c3014829c8,0.00015168
498d041831d248f7f1480fafc14801c74a8d04134901c74c39ff,0.00015168
488b4b30498994242804000031d24885c949898c2430040000,0.00015168
4801d00fb7500481e2ff7f00004139d4440f42e28b501085d2,0.00015168
803800,0.00015168
554889fd4889f7534889f34883ec08,0.00015168
554889e54157415641554154534889f34883ec584883fe0148897db0488975c0488955a0488965a8,0.00015168
498d86b802000049898688030000488b4424080fb6284c89f04084ed,0.00015168
48898548ffffffc7401800000000,0.00015168
31c04839d6,0.00015168
4805b8020000ba01000000498986580300004885db,0.00015168
49899748030000f6400401,0.00015168
488b83d80200004885c0,0.00015168
64488b342508000000483906,0.00015168
498b8424180400004885c0,0.00015168
4889c30f3148c1e22089c04809c2488955c8,0.00015168
488b7008,0.00015168
4139c6,0.00015168
488b93c80100004489a3e8020000488b520848899330030000488b9570ffffff4885d2,0.00015168
4139c8,0.00015168
ba010000004883c40889d05b5d,0.00015168
498b5718498b7710,0.00015168
488b4520488d04c048c1e0044c8b2c074d85ed,0.00015168
488b01498d7424404885c0,0.00015168
83fe0641b801000000,0.00015168
488b55b8498d7e2831f64c8945c8,0.00015168
19d281e20000020081c200090000bd00866100bf9cffffff85c0,0.00015168
415541544189d4554889f55389fb4883ec08,0.00015168
498b87f8000000488b5008498b4750488b40084c8d04104939f8,0.00015168
488b5b384885db,0.00015168
c1e80e89c681e6ff030000,0.00015168
488d741aff4889d048f7d84821c64889f5,0.00015168
0fb6070fb60e4983c0014883c3014829c8,0.00015168
89e9418d6c240348d3e04909c7837c24181e,0.00015168
49034424104889014983c4184c39e6,0.00015168
4585ed,0.00015168
4489e9418d460548d3e24809d3,0.00015168
0fb64a0184c9,0.00015168
5b5d415c415d415e,0.00015168
448b084585c9,0.00015168
48891f4889e864483304253000000048c1c011488947084c8967104c896f184c8977204c897f28488d54240864483314253000000048c1c21148895730488b042464483304253000000048c1c01148894738,0.00015168
64488908488b00,0.00015168
48635c24184c29e348035c2408,0.00015168
4584e4,0.00015168
48837db80089f7410f94c048c1e703483b7db0,0.00015168
4881c4a80400005b5d415c415d415e415f,0.00015168
415531c04189d541544989f4be000008005548c7c5ffffffff534881ec98000000,0.00015168
49c7c5ffffffff4885dbc7442410ffffffff,0.00015168
488928,0.00015168
4889ef8954240c,0.00015168
89c2c1ea0583e2074439c2,0.00015168
554889e54157415641554154534883ec784885ff0f95c048897d9048897588488955b8440fb6e048894da08845984d89ce,0.00015168
89c24c8b3bc1ea10a9808000000f44c2488d5502480f44ea00c04883dd034429ed4c63f50f1f40004c89ff,0.00015168
415641554989fd415455530fb61f84db,0.00015168
49b8fffefefefefefefe4883fa20,0.00015168
410fb786b20200006685c0,0.00015168
6810000000,0.00015168
30db,0.00015168
4883c1014883c0384839f9,0.00015168
4929c44901c5ba100000004c89ef,0.00015168
4139c641894734,0.00015168
4c89de4829c64883fe0a,0.00015168
415641554154554889cd534881ec9000000048897c24188974241448895424084885c0,0.00015168
4c8b75b04c8b65a831db4531ed31f6,0.00015168
89d85b,0.00015168
8b45cc85d2,0.00015168
48017808498b4424784885c0,0.00015168
4883c008483978f8,0.00015168
81e20810000083fa08,0.00015168
4189de89fb4c01e64889ef,0.00015168
8d70010fb6a8a0d6650039ce,0.00015168
488bb8c00300004885ff,0.00015168
4d85e40f95c120c8884c242888442430,0.00015168
0fb6174889f880fa2f,0.00015168
488b0083e0fc83c80149894718,0.00015168
4c89304489f8488d7b084c8d3cc5000000004c89ee4c89fa,0.00015168
4189c44885db,0.00015168
4c857210,0.00015168
498b4758488b4008488b50084885d2,0.00015168
0fb6431084c0,0.00015168
f7d983c108803800,0.00015168
807a012d,0.00015168
418b573039d0,0.00015168
8b430c488d0440488d0485170000004883e0f8488d3c034883c0304939c6,0.00015168
6833000000,0.00015168
f6c3c0,0.00015168
41807d0000,0.00015168
41808e160300000149899eb8030000488b8540ffffff8b1085d2,0.00015168
554889fd534883ec084885db,0.00015168
48399848040000,0.00015168
488b4b10488b7b084883ea014989ca4929fa4c85d2,0.00015168
4b6314b84c01c2,0.00015168
836f0401,0.00015168
4c89fa31f64c89c74c29c248898de8feffff4c898528ffffff,0.00015168
498b1049c74008000000004c89c04885d2,0.00015168
48c78560ffffff00000000498b87e80000004885c0,0.00015168
0fb74b40488b7328440fb7c14a8d04c50000000049c1e0064d89c54929c5498d4435004c39f0,0.00015168
4889d08078ff2f488d50ff,0.00015168
89c14883c21001c0f7d121ce89f989b48b58080000,0.00015168
31c04889ee,0.00015168
4c89f84531d24989df48c78518ffffff000000004c899d60ffffff4889c34c899520ffffff0f1f00498b4424084189c54983fd25,0.00015168
89434031c05b,0.00015168
448d8747ffffff41544989d4ba565555554489c05541c1f81ff7ea534429c285f68d2c52,0.00015168
0f1f44000080384c,0.00015168
4883ea01f6c3074989d9,0.00015168
41574156415541544d89cc55534889cb4883ec3848897c24084889f78954242448897424184489442410,0.00015168
c744240c01000000b95f000000c7442408f675ae0348891848890424b8a8e3500048c1e0044883c2014801c14889c825000000f048c1e8184831c80fb60a84c9,0.00015168
8d3400d1fe83fefc,0.00015168
4829ea31c9488d34284c8d60104839fb0f95c14883cd014883ca0148c1e102488973584809cd48896808488956084d85e4,0.00015168
4531ed80f92d410f94c54983c5014901d54d896f204c896d98,0.00015168
4d8d0404,0.00015168
488b742418644833342528000000,0.00015168
83fa03,0.00015168
49833c2400488b7010,0.00015168
4883c2104885c0,0.00015168
ba01000000,0.00015168
807c244800448b7c2440448b6c244c488b6c2450,0.00015168
4531c94983fd054c89b3f8030000410f94c181e1ff7f0000488d04494501c94109f14c8d04c244898b000400004d85c0,0.00015168
80384c,0.00015168
488d742408488d7c2404ba5cfe400048896c2408,0.00015168
4989e831c0660f1f840000000000498b48084885c9,0.00015168
4829feba01000000,0.00015168
83bbdc030000ff,0.00015168
4c8b4718498d88020000c04883f901,0.00015168
48898540ffffff4c8b7008,0.00015168
4c89fe4c89f7,0.00015168
488b7c24084883c418,0.00015168
6823000000,0.00015168
48017808498b4424584885c0,0.00015168
41bbffffff6f41bdfffdff6f41befffeff6f49ba00faff7f0300000049b9a0f1ff7f0300000041b831000000,0.00015168
4c394830,0.00015168
31d285c0,0.00015168
4c01e04e8d14304c01d24829d04889c1488b4424104801d048234424204801c14885c94989ce,0.00015168
488b45c08b3085f6,0.00015168
48898560ffffff,0.00015168
4889174889d064833c251800000000,0.00015168
b80b000000,0.00015168
39720c,0.00015168
ba100000004c89ef,0.00015168
488b7d98807f0100,0.00015168
4889c385ed,0.00015168
4883ec5848894c243831c9f6c240,0.00015168
48816dc09000000048836db801,0.00015168
488b17488b024885c0,0.00015168
4183fa49,0.00015168
4c89c74889d048c1e80383e707,0.00015168
554889e5,0.00015168
4889e289c6bf01000000,0.00015168
83e8014139c7,0.00015168
488b7308488b034839c6,0.00015168
49bcd80300800300000049ba78fbff7f03000000beffffff6f41b9fffdff6f41bbfffeff6f4901cc4901ca41b831000000bf21000070,0.00015168
4983fcff,0.00015168
488b442408488b4c2410488b742420488b542428488908488b44241848c7000000000048c70600000000c602004881c43001000089d85b,0.00015168
488b7c2410,0.00015168
4c89e94c89e289c689ef,0.00015168
f6c310,0.00015168
488d701048c7400801000000,0.00015168
4801caf64202018b720c,0.00015168
31c049833f000f94c048f7d80fb750384889c148034820488d34d5000000004889d048c1e0064829f0488d4401c84885d2,0.00015168
f30f6f0ff30f6f06660f74c1660fdac1660fefc9660f74c1660fd7c04885c0,0.00015168
83fbff,0.00015168
660f6ece4889f825ff0f0000660f60c9483dc00f0000660f61c9660f70c900,0.00015168
4489f2,0.00015168
4531f68b8568ffffff418387100300000149c787480300000000000049c787500300000000000049c78740030000ffffffff488d14c50000000048c1e0064829d0498d3c044939fc,0.00015168
488b40084d39e348898558ffffff,0.00015168
4989cab809000000,0.00015168
4c89d0,0.00015168
488b75204c89e7,0.00015168
4981f9ffc99a3b,0.00015168
01d78d4fe683f91d,0.00015168
4885c0448b542448,0.00015168
498b45084883e0f8493b440500,0.00015168
488b432048394328,0.00015168
b8010000000fa289c689c7c1ee0889c2c1ef04c1ea0c83e60f4189c283e70f4183e20f81e2f000000083fe0f4189c9,0.00015168
4c8b45c84c3b45c0,0.00015168
418b86c00200008d58ff,0.00015168
488d7c2410ba02000000be8dfc4000,0.00015168
488bb520ffffff488bbd28ffffff488d1430482b04fd000000004584ff498994244803000049890424,0.00015168
be100000004c8d670e4883c710,0.00015168
4489e84d89f54d89fe4d85f64189c7,0.00015168
89ee,0.00015168
bf00866100,0.00015168
8b5004,0.00015168
498b5c2410498b6c2428b80c00000049031f4839e84989de,0.00015168
498b3c244801fa4885d24989542410,0.00015168
4531c94531c031c9ba010000004889f7,0.00015168
4801c848894598,0.00015168
488d50014885c0480f44d5488910488b134889104883c4085b5d,0.00015168
4989f0488bb0c00000004885f6,0.00015168
4881c4880000005b5d415c415d415e415f,0.00015168
488b5b684885db,0.00015168
4889542418488b7a1848897c24204883ef0148897c2410,0.00015168
682b000000,0.00015168
ba14000000,0.00015168
554889e541574d89c741564189d6415541544989cc534883ec58498b406848897d8044894d8c4c8b6808,0.00015168
0fb7c14983c638488d14c50000000048c1e0064829d04c01f84939c6,0.00015168
48894a28498b44242848895020,0.00015168
ba01000000bb01000000bfc00741004889febf20486100,0.00015168
8b8550ffffff488b8530ffffff488b88b80300004885c948898d48ffffff,0.00015168
410fb65604498b460883e20f80fa0a,0.00015168
488b8540ffffff4989842498030000488b8548ffffff49898424a0030000,0.00015168
31c941b904000000,0.00015168
410fb634020fb60c074883c0014038ce,0.00015168
4c89ee64483304253000000048c1c011,0.00015168
488b45c8f6801403000060,0.00015168
31f64885c9,0.00015168
80bb20486100000f94c289d05b,0.00015168
4883c3044883fb18,0.00015168
0fb7720689f16681e1ff7f440fb7c94539cc,0.00015168
488b98600000004885db,0.00015168
8b8554ffffff8d7c000148c1e703,0.00015168
4983bed001000000,0.00015168
b85d000000,0.00015168
488d74241031c94889e2,0.00015168
4c8b304d85f6,0.00015168
4155415455534889fb4883ec084885ff,0.00015168
448b2c9d700b4100bf605061004489ee,0.00015168
488907488b7c24104885ff,0.00015168
488b7c2430,0.00015168
488b7d984c8b9568ffffff41b8010000004c89e14883c708660f1f4400004883e9014489c64c89ead3e64d85d24c89d04863f6,0.00015168
488bbd00ffffff488b4720488b772849898424a80200000fb747186689851affffff0fb747400fb7d06641898424b0020000488d0cd5000000004889d348c1e3064829cb488d0c33483b0f,0.00015168
880784c0,0.00015168
488b442408488d54241889ee4889df,0.00015168
4989442420498d44241848898540ffffff,0.00015168
9049c7440508000000004883c0104839d0,0.00015168
38c8,0.00015168
89f831d2660fefff09f025ff0f00003dc00f0000,0.00015168
29c289d0,0.00015168
488d74241031d24489ef,0.00015168
83e240,0.00015168
4589fe41d1fe4963f6488d34768b74f03439f3,0.00015168
6839000000,0.00015168
31db49871a4885db,0.00015168
488b2e4885ed,0.00015168
0fb656ff8857ff,0.00015168
4883c0384839f8,0.00015168
498bb424c80100004885f6,0.00015168
488b184885db,0.00015168
31d24889debf02000000458b7500,0.00015168
4883bd50ffffff00488b0406,0.00015168
488b43184c8b43104c39c0,0.00015168
4b8d147f4989cb4c035b204d8d57014989cf48034b2848c1e20448039538ffffff48f7de4921f74d01d94921f14821fe4983fa014c893a4c894a084c895a1048894a1848897220,0.00015168
418b4f3439d1,0.00015168
498bb7b802000048397e08,0.00015168
31f631c04883fa01,0.00015168
488b58084885db,0.00015168
0f1f40004189c44f8d2ce04d8b4d00498b91b80300004885d2,0.00015168
49837c241800,0.00015168
41837c240825,0.00015168
4883c41089d85b5d415c,0.00015168
41545585c053,0.00015168
89f98d79014489c80fa2a81f,0.00015168
4d85e40f95c04939d5,0.00015168
4889f983e1074889f8,0.00015168
b80700000031c90fa241f7c100000008,0.00015168
4883c5084c39e5,0.00015168
48c78508ffffff00000000498b47684983bff800000000488b400848898530ffffff,0.00015168
4883c418,0.00015168
0fb7d04883c338488d0cd50000000048c1e2064829ca4c01f24839d3,0.00015168
8ba82801000085ed,0.00015168
418b0749c747100000000085c0,0.00015168
0fb6068807ffc1488d7601488d7f01,0.00015168
c68568ffffff01,0.00015168
488b4c24486448330c25280000004889d8,0.00015168
4903042449898424a0020000f7d048238530ffffffa801,0.00015168
4c89ec,0.00015168
0fb74a048b34328b7a0881e1ff7f00004c01c6488d0c49488d0cc889790848893148c74110000000008b4a1085c9,0.00015168
48c740100000000048c74020160000004989c6488948184a8d0ce500000000488958084885f64d8d4708488d1c08498d472048894db0488945c0,0.00015168
6843000000,0.00015168
4889c1498b442410480341084829d0498903,0.00015168
4531e44531ed660f1f840000000000488b4588448b7004488b43304c037598488d04c048c1e0044c8b3c024d85ff,0.00015168
4d89fe,0.00015168
89d05b,0.00015168
807d024c,0.00015168
48c70601000000,0.00015168
4183ef014183ffff,0.00015168
4c39c6,0.00015168
4883ea034883fa1e,0.00015168
31d231f64c89cf,0.00015168
8d42010fb682a0d66500884424114531e431ed,0.00015168
0fb7500481e2ff7f00004139d4440f42e28b501085d2,0.00015168
486314914801ca,0.00015168
4983bf2801000000,0.00015168
48837a0818,0.00015168
84c088442410,0.00015168
4883bd60ffffff00888558ffffff,0.00015168
83c80149894f58418947044883c4785b5d415c415d415e415f,0.00015168
488d5411f883e9086666662e0f1f8400000000000fb6068807ffc1488d7601488d7f01,0.00015168
48c740200000000048c74028000000004839d30f95c24883cd010fb6d248c1e2024809d54c89ea4883ca0149896c2408488950084e892c28,0.00015168
4885c04889442430,0.00015168
4989c6488b284885ed,0.00015168
4489eebf60506100,0.00015168
4c89e04531ed48f7de,0.00015168
4585ffb8000000004c0f45e04183faff,0.00015168
a803,0.00015168
4883c42889d85b5d415c415d415e415f,0.00015168
80a316030000fe4839c3,0.00015168
488b45000fb656044803460883e20f80fa0a,0.00015168
89ea29c283ea014863d2807c14202f,0.00015168
488b7a18,0.00015168
4189de41c1ee1f4885ed410f94c74584f6,0.00015168
498b4668498b5e104c8975a8488b400848894588488945b88b8528ffffff8945b08b8520ffffff8945b4488b034885c0,0.00015168
8b44240c,0.00015168
4889e7,0.00015168
4883fa204889f8,0.00015168
488b75904c01f8488d4a01488930488b7588488970084889d048c1e0044c01f84939cc48c7400803000000488930,0.00015168
55be0100000031c0534889fb4883ec08,0.00015168
4883f802bf01000000400f96c64983fd070f94c04008f0,0.00015168
488badd80200004885ed,0.00015168
c68519ffffff004c8b4d20448b45104c89e1488bb508ffffff488bbdf8feffff89da,0.00015168
4c89e64829c64883fe0b,0.00015168
488b4d984885c9,0.00015168
488b87980200004885c0,0.00015168
4585c9,0.00015168
488b8e30040000488b86380400004d89e74c8b9628040000488d79ff48f7d84e8d4411ff4821c74939cb4c0f42d94929ef4929f84d39d7,0.00015168
440fb7234c8d7b02488b5d004d8d6efe4885db,0.00015168
0fb69d50ffffff4d89e70f3148c1e22089c04809c24c29ea,0.00015168
8b55004883c5048d82fffefefef7d221d02580808080,0.00015168
31f60f314989d689c04531ed49c1e6208b9568ffffff4c89ff4909c683fb03410f94c54531c04489e9,0.00015168
498b87880000004883780818,0.00015168
bfbc000000,0.00015168
660f1f4400004883c20848833a00,0.00015168
48c7030000000031c0,0.00015168
89b7f0020000488d70108b400c01d24889b7f80200008987f4020000488d04964489c248c1e20248898700030000488d04884829d048898708030000,0.00015168
4889f94829c1488914c84883c210488b024885c0,0.00015168
6846000000,0.00015168
493985a0030000,0.00015168
baffffffff,0.00015168
488b8578ffffff4885c0,0.00015168
4189c44f8d2ce04d8b4d00498b91b80300004885d2,0.00015168
498b461049394510,0.00015168
c78568ffffff00000000be04000000,0.00015168
4883c00f4883e0f0488d501e81e2f0ff1f004829d44c8d6c240f4983e5f0498d54050048399518ffffff,0.00015168
498b842488030000498d54242841808c24140300000441c78424cc03000001000000c7400801000000488910498b8424b00000004885c0,0.00015168
4885c04889c541b803000000,0.00015168
0fb7431883e8026683f801,0.00015168
83ff3f,0.00015168
488b49080fb7145181e2ff7f0000488d0c52488b90e00200004c8d04caba00000000418b480885c94c0f44c2648b14251800000085d2,0.00015168
4c897424284c89f7,0.00015168
498b57f8488b88400400004939d54c0f42ea488d51014883fa01,0.00015168
448b8d74ffffff0fb64d90ba01000000498d45204183e9024d63c948d3e24939d1,0.00015168
4889c24801e84801d34883c4084889d05b5d,0.00015168
8b42084139c5,0.00015168
8d79014489c80fa2a81f,0.00015168
8b559c4139d789d0,0.00015168
4c8b7d884c037b08be240000004c89ff,0.00015168
4885c04989c6,0.00015168
5b5d415c4c89e8415d415e,0.00015168
803f00,0.00015168
4c8d70014c89f7,0.00015168
4883c4284489f85b5d415c415d415e415f,0.00015168
4c3b6228,0.00015168
488b442408488b084883c3014839cb,0.00015168
4885c0498907488b75c8,0.00015168
4883c3304b8d047648c1e00448038538ffffff4839c3,0.00015168
4c89a0a00200000fb78568ffffff31f64c89ff66418987b0020000488b8560ffffff488b00498987a8020000,0.00015168
31c05b5d415c,0.00015168
4885c0488983e0020000,0.00015168
680d000000,0.00015168
84d2,0.00015168
488b88c80100004885c9,0.00015168
4183fe0148c78578ffffff00000000,0.00015168
498b8424a80300004d8d9424a80300004883f8ff,0.00015168
488b7424304885f649893424,0.00015168
418b4510458b4514418b7d18418b751c85c0,0.00015168
488944241081e5ff0100004585ff488954242848894424184889442420,0.00015168
48394928,0.00015168
48395a28,0.00015168
4d8b7c24084c89e949030c244c89f84589ff48c1e8204d85ff488d04404c8d34c7,0.00015168
410fb787b00200004d8ba7a00200004885c04889442408,0.00015168
498b76084a8d0426483b03,0.00015168
488b85180300004c8d95180300004883f8ff,0.00015168
4c8b6008,0.00015168
488bbd60ffffff,0.00015168
4989d531c0,0.00015168
6844000000,0.00015168
4883ec0885c0,0.00015168
6800000000,0.00015168
4b8d5c76fd488b8528ffffff48c1e30448039d38ffffff488b3cc500000000488b73184889b520ffffff4829bd20ffffff6683bd1affffff03,0.00015168
488d9540ffffff4489f6bf0100000048898510ffffff,0.00015168
48f7d8488d04c64a890c10,0.00015168
488b9578ffffff4885d2,0.00015168
488b7424084584f6,0.00015168
488b531049899424a0020000,0.00015168
488b4008bf02100000488936b89e00000048897610,0.00015168
488b501049899758040000488b502849899760040000,0.00015168
480fbdc04801f8,0.00015168
4889552048896a18488d04db48c1e0048344010801488985680400004883c0014883c4085b5d,0.00015168
bf60d26400,0.00015168
4531ed4531e44c39d8,0.00015168
f6460503,0.00015168
4881c4d00000005b5d415c415d415e415f,0.00015168
498b47084889c6488945c04c89e048c1e0044983fc02498d4407f048894598488b40084889c1488945c84889f0488d740802,0.00015168
f6c604,0.00015168
48c1e3044801dd4c8965184883c001488945105b5d415c,0.00015168
83e21f488b4424f8,0.00015168
f6c608,0.00015168
488b7c24384c8b4c2430,0.00015168
488b5424184885d2,0.00015168
488d65d84489e85b415c415d415e415f5d,0.00015168
4c39f9,0.00015168
4883c4705b,0.00015168
4c89e94c89e289de89ef,0.00015168
83f8ff8945cc,0.00015168
488b542410488b742408,0.00015168
48837db000,0.00015168
483bb848030000,0.00015168
ba0b0000004889c7,0.00015168
498b1c24,0.00015168
4a8d841b7f06000031d249f7f3490fafc34805000900004883c4085b5d415c415d415e415f,0.00015168
4889e648c7442410000000004989e5,0.00015168
5389fb85c0,0.00015168
48f7d848b900faff7f03000000488d04c648891408,0.00015168
4883f8ff4889c3,0.00015168
0fbe46018d70d04080fe094c89ce,0.00015168
4c39cd,0.00015168
488d7b40be0100000048c1e704,0.00015168
4889d8,0.00015168
498b8f5804000049030f488d340148f7da4889d74821cf4821d64839f7,0.00015168
683f000000,0.00015168
4c89f3488b45888b400c85c0,0.00015168
4885c0488b4c2410,0.00015168
498b8424a00200004885c0,0.00015168
415455534889de,0.00015168
450fb6c0400fb6cf400fb6f641c1e0084401c1c1e10801f139d1,0.00015168
4c89e231f64889c74c29f2,0.00015168
41f7c100000010,0.00015168
41544889f889f6488d0c7655534883ec20488b5768488b7070488b7a08488b90f8000000488b7608488b52084c8d04ca498b48084889ca48c1ea204c8d0c524a8d34ce4c8b0848897424184c89cb49031883f907,0.00015168
6824000000,0.00015168
4c01f031f6488904244c292424488b1c24,0.00015168
488b8530ffffff488bb0b8020000488b0e4839c148898d68ffffff,0.00015168
410fb6000fb633498d48014829f0,0.00015168
83fd0c,0.00015168
48894424f889f183e107,0.00015168
488b004889442408488164240800ffffff488b4c24086448890c25280000004885c0,0.00015168
0f1f4000,0.00015168
4883c3014883fb06,0.00015168
488b43604c39e0,0.00015168
4c63e04c89f74c89fe4c29e74c01ef,0.00015168
4983beb803000000,0.00015168
83fd09,0.00015168
83fd06,0.00015168
89f183e107,0.00015168
83fd03,0.00015168
4c8d6c3308,0.00015168
488b7a184883ce014c8b470841f6c004,0.00015168
4983c6084d8b0e4d85c9,0.00015168
488d9c1800f7ffffba00090000f6c3014889df,0.00015168
660f1f4400004c89e8480302837a0808,0.00015168
49817d08ff0300004889501848894210,0.00015168
8b4a1085c9,0.00015168
488d442460c7442408180000008b4c24384889442410488d4424204889442418,0.00015168
31c00f95c0098554ffffff41f6871403000004,0.00015168
4d39fe4f8d2c27,0.00015168
448b75884c89e74489f3488d04dd000000004889c248898560ffffff,0.00015168
4531c0bb440000000f1f8400000000004a8d040348d1e84d8d0cc3453a11,0.00015168
0f1f8400000000004c89ea4c89f64489ff,0.00015168
498b4610493945104c89df490f4645104889c2,0.00015168
498b8424300100004885c0,0.00015168
488d759031c0b9080000004889f7498b47784885c0,0.00015168
4b8b1cef0fb68314030000a808,0.00015168
554889e54157415641554d89c54154534889f34883ec2848897dc085c0,0.00015168
4881c4080100004489e05b5d415c415d415e415f,0.00015168
6842000000,0.00015168
498bb7b802000089c883e80189c2488b14d6808a140300001085c0,0.00015168
48017808498b8424f80000004885c0,0.00015168
554889e54157415641554154534889fb4883ec680f3148c1e22089c04809c24989d54885c0,0.00015168
458d7c24014489e049c744c50000000000438d7c3f0148c1e703,0.00015168
418d56cf81fad3000000,0.00015168
4585f6448974241c,0.00015168
480351084801f0488b31488950084889304989842498020000498b8424e00000004885c0,0.00015168
488b1f4883e8014c8d4b014c014a084883c2104885c6,0.00015168
64448924254c000000488b7424184885f6,0.00015168
4531c9498b024885c0,0.00015168
498b87700100004885c0,0.00015168
83eb0183fbff,0.00015168
4883c0184939c3,0.00015168
48f7d8498914c4,0.00015168
488b74241044895c2430488d5405204889f748f7d74889d148897c24204c29e183e002480f44d14889f94c8d34324921ce4d85f64c89f1,0.00015168
4889ef4801df,0.00015168
4881fa00040000,0.00015168
498b87c80100004885c0,0.00015168
4885ffc70001000000,0.00015168
4839b840030000,0.00015168
4c89f84881c4c80300005b5d415c415d415e415f,0.00015168
4883ec08ba01000000,0.00015168
807d004d,0.00015168
c780cc03000001000000,0.00015168
a820,0.00015168
0fb66c24030fb64424020fb61424440fb6642407c1e50809c50fb644240141c1e4084863ed48c1e510c1e00809d00fb654240448984809c50fb64424064109c40fb64424054d63e449c1e410c1e00809d048984909c431f6bf408a640031db,0.00015168
4889f183e1074989fa,0.00015168
f30f6f07660fefd2660f6fd8660f74c1660f74da660fd7c8660fd7d34885d2,0.00015168
4883e8014883f81d,0.00015168
31c085f6534889fb,0.00015168
8b5dcc488b4db831d24c89ff89de,0.00015168
4983f804,0.00015168
4c89f385d2488d8bb8020000,0.00015168
554889e5415741564189f6415541544d89c4534489cb4881ec2801000089b51cffffff488b75204889bd08ffffff31ff48899500ffffff48898df8feffff,0.00015168
4885c04889c3,0.00015168
4d39ec4989041e,0.00015168
4885c04889c5,0.00015168
4885c04889c6,0.00015168
4983ef064983ff1e,0.00015168
41bc9cffffffbd60d2640085c0,0.00015168
4989de4531e431ed31db0f1f4400004883ea034883fa1e,0.00015168
4e8dbc3870040000488b542428488b74241849894628498d7f204c89b8c8020000498d470849894638,0.00015168
4c89f64829c64883fe0f,0.00015168
488b8548ffffff488b9540ffffff,0.00015168
31c04c8d4c24284d85c0488d4c24884889c241ba08000000490f45d14885f64863ff480f45c1b90d0000004889c689c8,0.00015168
48894208,0.00015168
f6871403000003,0.00015168
49c74424100000000049c744241800000000bb01000000,0.00015168
0fb6d0,0.00015168
41beffffff6f41bcfffdff6f41bbfffeff6f49ba00faff7f0300000049b9a0f1ff7f0300000041b831000000bf21000070,0.00015168
48c7000000000085c0,0.00015168
448bb554ffffff4585f6,0.00015168
41b8ffffff6f41bbfffdff6f41bffffeff6f48bba0f1ff7f0300000041ba3100000041b921000070,0.00015168
660f1f840000000000,0.00015168
534531d24883ec70f6c24048894c2458,0.00015168
41808f14030000044883bd08ffffff00,0.00015168
89d8,0.00015168
4883e8014c8b55004c8b65084c8b2b,0.00015168
4983c1014c89c848c1e004498b7405084885f6,0.00015168
4883c3084c39f3,0.00015168
4585e44489e8,0.00015168
488943604981fdff030000,0.00015168
488b842498040000644833042528000000,0.00015168
4889d74489c8,0.00015168
48ffc7882784e4,0.00015168
498b87e00000004885c0,0.00015168
31c0530fa281fb47656e75,0.00015168
448b4c2418488d542478488b4c246848896c24104d89e044892c244489d64889df4889442470488d4424704889442408,0.00015168
4989c45a488d24c429c2524889d64989e54883e4f0498d4cd510498d550831ed,0.00015168
4c89ea4c89e689ef,0.00015168
41574989f841564155415455534889f34881ecd00000004883fa0f,0.00015168
4183fa03,0.00015168
4183fa02,0.00015168
410fb684241403000089c283e20380fa01,0.00015168
488d430148c1e0044c8d7c0608,0.00015168
4889cf48894c2410,0.00015168
488b83a80000004885c0,0.00015168
4883ef104885c9,0.00015168
803f2d,0.00015168
0fb6442430884424284489e8250000000489442438,0.00015168
4183fa0a,0.00015168
488b8540ffffff48833800,0.00015168
83fe06,0.00015168
85d2488d8bb8020000,0.00015168
48c78318030000ffffffff,0.00015168
b80a000000,0.00015168
488b53304c8d4eff4c85ca,0.00015168
4883ec484531c9488d8e88030000488d54242048c74424200000000048c74424280000000048c744243000000000c644242420488954241848c744240800000000488d542418c7042400000000,0.00015168
4983fe3f,0.00015168
8b75884c8b7dc8f7de4983c7014863f648c1e6040f1f40004c89f948030c304883c010488948f04883ea01,0.00015168
8b9568ffffff85d2,0.00015168
415741564155415455534883ec28488b074883c70848897424084898488d54c70848833a00,0.00015168
41574156415541544989fc55534881eca804000064488b042528000000488984249804000031c0,0.00015168
488b7580488b8570ffffff4c8d14468bb554ffffff498d3cc46641830201488b1f4139f7,0.00015168
448d42d00fbe57018d48d04c8d57014c8d4e014c89d78d42d03c09,0.00015168
8bb554ffffff4c8b8530ffffff89f04c89c183c001498d04c4498980b802000089b1c00200008bb528ffffff85f6,0.00015168
4889f9488b50184885f6,0.00015168
8b1383fa06,0.00015168
488d7c2420,0.00015168
83e21f,0.00015168
4d89c74989d54989c0,0.00015168
837b1c01,0.00015168
488d50104c8920488953084889d85b5d415c,0.00015168
554889e5415741564189fe41554154534881ecb80000004c8b7d1085ff488975804889559048898d70ffffff4c898560ffffff418b470444898d68ffffff89458c,0.00015168
4889d383e2074883e3f84901d84c01cb4885d2,0.00015168
0fb70e66890f4883c6024883c7020f1f4000f6c204,0.00015168
488b3f4885ff490f44fa448b4d94890424,0.00015168
4883c4684889d85b415c415d415e415f5d,0.00015168
4889f04889ca,0.00015168
4839d0,0.00015168
31ed4989d15e4889e24883e4f0505449c7c000f0400048c7c190ef400048c7c7c01a4000,0.00015168
498947084801c5488b44240841c7471801000000440fb67c2424803800480f45e8410fb686140300004183e70349896e0883e0fc4409f841888614030000,0.00015168
6808000000,0.00015168
4989b42450030000,0.00015168
6802000000,0.00015168
488b7424088b7c2414488b10,0.00015168
4883e0fd483dfdffff7f,0.00015168
81f900020000,0.00015168
554889e54157415641554154534889fb4883ec78488b47688975948955904885c0,0.00015168
4157415641554154554889fd534883ec28,0.00015168
807d0141,0.00015168
488b7dc031c0be00000800,0.00015168
4883e801498945084c8b014983f803,0.00015168
488b501049031741bd0100000031c9,0.00015168
4d89be380300004c89f04883c4385b5d415c415d415e415f,0.00015168
6822000000,0.00015168
8d48308d44005e48984883e802488d54c368488b42104839d0,0.00015168
ba0100000031c031db,0.00015168
4183f801,0.00015168
4983bc24a002000000,0.00015168
85c089c78b54240c,0.00015168
83f8ff89442448,0.00015168
488b00480342084883c448,0.00015168
b80100000048d3e048090731c0,0.00015168
8b558889c8898d58ffffff31f648898570ffffff29ca488b4d804801d2488d3c41,0.00015168
493b9750030000,0.00015168
0fb7c96681e60080448b0a488d0c490fb7f6488d0cc889710c8b7208448949084c01c64889318b77044c01c6488971108b4a0c85c9,0.00015168
4139c4,0.00015168
8bbd50ffffff85ff,0.00015168
448b6808,0.00015168
48899380080000488b50084883e2f8483b542418,0.00015168
418307014183ec3a4180fc01,0.00015168
f64202018b720c,0.00015168
488b4110488b4128,0.00015168
488b7a0848033b4c8b45980f1f4400008b57084801fa,0.00015168
0f1f80000000004d8b7c24084c89e949030c244c89f84589ff48c1e8204d85ff488d04404c8d34c7,0.00015168
4038fe,0.00015168
31c053,0.00015168
4883f8ff4989842440030000,0.00015168
534889fb8b5704be01000000,0.00015168
8b442410250000002083f8014d19ff49f7d74181e70001000085c0b810000000440f45e8498dbc2f91040000be010000004889542428,0.00015168
4c89fe4889df,0.00015168
89d84883f80248898550ffffff,0.00015168
4889f848baabaaaaaaaaaaaaaa48f7e2498b410848c1ea044839c2480f47d0488d04524c89c24d8d24c04885c9,0.00015168
4989842448040000410fb78424b0020000,0.00015168
4c39e1,0.00015168
4c39e6,0.00015168
4c39e5,0.00015168
4883c4284c89c05b5d415c415d415e415f,0.00015168
0f3148c1e22089c04809c24889df,0.00015168
48894a28488b432848895020,0.00015168
41808c241503000040488b9d38ffffff8b5328f6c204,0.00015168
49837e3003,0.00015168
498b9424300100004885d2,0.00015168
55534889f34883ec084885f6,0.00015168
488b4510488b5518483b6818,0.00015168
83c008,0.00015168
498b0c244901c84801c14889f04d8d7c30ff48f7d84921c74939cf4c0f47f94d39f8,0.00015168
488b501049031749895710,0.00015168
ba01000000bb01000000bdc0074100,0.00015168
4531ff4c8975b04c8965a84d89c64d89fc,0.00015168
bdc8426100662e0f1f8400000000004889df,0.00015168
488d443aff48f7df4821f8488d14184839ca,0.00015168
488b5c24286448331c2528000000,0.00015168
4881ecd00000004885f64989d0,0.00015168
89d983c30848d3e04909c64139df,0.00015168
4889c6bf60d264004889c54881ee60d26400,0.00015168
83c6014489c089f14187d90fa24187d9a81f,0.00015168
488b40184885c0,0.00015168
488b4108488b791089de48c1c811644833042530000000,0.00015168
480fbcd00fb604170fb6141629d0,0.00015168
488d4a010fb612488d700184d28810,0.00015168
4883e0f066440f74481066440f74502066440f74583066410fd7d166450fd7c266410fd7cb48c1e21048c1e1104c09c148c1e1204809ca4889f94831c14883e0c048d3fa4885d2,0.00015168
c7401800000000,0.00015168
8b8554ffffff85c0,0.00015168
4c89e8480302837a0808,0.00015168
ba00040000be00866100bf60d26400,0.00015168
4883c4205b5d415c,0.00015168
4903042449898424180400008bbd1cffffff,0.00015168
48017808498b8424980200004885c0,0.00015168
807c2428004c89e2,0.00015168
807c2428004c89e0,0.00015168
4983c5014983c4384c3b6c2408,0.00015168
8b7b044889bd30ffffff,0.00015168
48898510ffffff4c89ad18ffffff,0.00015168
488b7424185a5b5d,0.00015168
4531c0,0.00015168
8944240c,0.00015168
488b7424504c894c24204c895c24104c89442408,0.00015168
4989c5ba60d26400b8404c6100488d4a010fb612488d700184d28810,0.00015168
4c89f74829c74883ff0a,0.00015168
41554154554889fd4889d7534889f34883ec08,0.00015168
488b7d804863d0488d14d7,0.00015168
4c893b4883c4085b5d415c415d415e415f,0.00015168
418b7500418b4504498d5424e04883c6034883c0034883e6fc4883e0fc488d44060c4839d0,0.00015168
0fb604170fb60c1684c0,0.00015168
4983bee001000000,0.00015168
498b97780200004885d2,0.00015168
2500f000003d00800000,0.00015168
8038570fb65001,0.00015168
498d7c1d004983fc0249897d0049897d10,0.00015168
4883ec58488954243031d240f6c640,0.00015168
554889e54157415641554989cd41544989fc534881ecd800000048899560ffffff89b568ffffff488945a019c04531f6f7d031db83e0094801d0488d45a048898558ffffff488d45b048898550ffffff488d459048898548ffffff488bbd58ffffff,0.00015168
8d50010fb680a0d665004883c3018843ff4839eb,0.00015168
4889034883c4205b5d415c,0.00015168
4889c5488d50014589ef49c1e7044585ed,0.00015168
4839e8,0.00015168
4d8b5424684d85d2,0.00015168
4883c20848833a00,0.00015168
418917488d65d8b8ffffffff5b415c415d415e415f5d,0.00015168
4c89e2482b5010498917,0.00015168
488d04db48c1e0048344010801488985680400004883c0014883c4085b5d,0.00015168
31d24889ee4489e7,0.00015168
4c895424a8488d7c24a84c8d5424b84c895c24b831c00f1f840000000000410fb634020fb60c074883c0014038ce,0.00015168
4a8d040348d1e84d8d0cc3453a11,0.00015168
31d24889debf02000000,0.00015168
4889c1c1e703be400000004c89c583e10329fe4883e5f84883f901,0.00015168
488d14f64889782048c1e204488b14114889481048895008,0.00015168
4c3b6a10,0.00015168
488b5010,0.00015168
488b4018,0.00015168
c783c0000000ffffffff488b5b684885db,0.00015168
4889ce4883c1010fb6060fb634334829f0,0.00015168
4885c0488b75900f95c00fb6c00b45184189472c0fb61680fa2d,0.00015168
4829c6490304248b53284c8b4b20448b851cffffffb9120800004889c7,0.00015168
488b83b800000048c783a8030000ffffffff4885c0,0.00015168
488d50014889d74889542440,0.00015168
83f8204889442418,0.00015168
8b55c885d2,0.00015168
b8020000000fa24183fe01895424084189cf,0.00015168
488b40088b08898fec0200008b5008448b40048d72ff85d6,0.00015168
488d04c048c1e004488d440608488945c0,0.00015168
480348284801ca493b9748030000,0.00015168
4883c208488b024885c0,0.00015168
498bbc24f80000004885ff,0.00015168
498b57104885d2,0.00015168
648b04254c00000085c0,0.00015168
488d7c2448488b1831f64889442408488938488d7c246848895c2410,0.00015168
4d898740030000480348284801ca493b9748030000,0.00015168
4901c7410fb74704498b7e08418b4f084c8b432848034d98418b17498b763083e002803f000fb7c0,0.00015168
4883c010488b104885d2,0.00015168
4883790807,0.00015168
48c7c2000060ff4885c0480f45d04883c4284889d0,0.00015168
488b04244883783000,0.00015168
885d004883c5010fb65d0084db,0.00015168
448bbd38ffffff488ba540ffffff488b8560ffffff49c7040400000000488b8568ffffff808816030000014c89a0b8030000488b8d78ffffff4885c9,0.00015168
bfc20000004989c4,0.00015168
415741564155415455534881ece80100004d85ff,0.00015168
488b4588448b78084901c74889d84c89f34989c6,0.00015168
4c89f14989d8,0.00015168
4c8d6c3708488d14524889a5f0feffff4c01eb48c1e2044883c21681e2f0ffff004829d4488d7c243f4889bd28ffffff48c1ad28ffffff03488bbd28ffffff48c1e7034939dd4889bd38ffffff,0.00015168
41833c2404,0.00015168
418d5e014439fb90,0.00015168
498b87600400004885c0,0.00015168
4c89e0488d65d85b415c415d415e415f5d,0.00015168
4d39e5,0.00015168
448bad54ffffff4c8978084585ed,0.00015168
41564155415455534883ec30,0.00015168
4881fdff0300004c897018488950104889436848894218,0.00015168
83ee014139f7,0.00015168
488d5c24104531ff,0.00015168
4883c40889d85b5d415c415d,0.00015168
6817000000,0.00015168
4c8d7b08ba080000004c89ff,0.00015168
44896db44c8d6db031c085db0f94c04c89ea8945b0,0.00015168
4983fe10,0.00015168
4d3b7c2420,0.00015168
48017808498b8424e00000004885c0,0.00015168
488942184885c0,0.00015168
488b7cc5008d5001,0.00015168
4c8974241831ff,0.00015168
488b0748c1e004488b04064883f8ff,0.00015168
813a03030000,0.00015168
4885db4889da,0.00015168
83c0014883c2084439f0418907,0.00015168
488b45c04d8b6e104d8b7e284c0328b80c0000004c39f84c89eb498d7d0c,0.00015168
662e0f1f840000000000488b064883c6084989c14d01c1,0.00015168
448b5db04c8b45b84183c301488b45c84b8d3cf04a8d04700fb70883c101668908488b07488b58284839c3,0.00015168
4584f6,0.00015168
488d4c02ff48f7d84821c1,0.00015168
0fb74efe0fb747fe38c8,0.00015168
41545553,0.00015168
4531f648c7030000000041bf400300008b7dcc4c89fa4a8d7433084c29f2,0.00015168
660f1f4400004189f54f8d34ec498b06488b80b80300004885c0,0.00015168
f6801503000040,0.00015168
31c049898c0658030000498d86b802000049898688030000488b4424080fb6284c89f04084ed,0.00015168
488b400848894588488b0748014588488b458866833801,0.00015168
48ffc048c1e92084c9,0.00015168
498b87b00000004885c0,0.00015168
418d4424024c89fa4889de488d3cc3,0.00015168
25ffff000081e1ffff000029c8,0.00015168
4883e9014489c64c89ead3e64d85d24c89d04863f6,0.00015168
488d4f58ba010000004889c80f1f400083c20148894018488940104883c01081fa80000000,0.00015168
48ffc0f7c1000000ff,0.00015168
31c9f6831503000002,0.00015168
41554154555389fb4883ec0883ff02,0.00015168
488b93080100004885d2,0.00015168
488b8510ffffff8b401885c0,0.00015168
4c8b8568ffffff4585db498900,0.00015168
83f8004189c4,0.00015168
0fb60384c0,0.00015168
4801d64801d749630c934c01d9,0.00015168
4829f8,0.00015168
488d042b4839d0,0.00015168
498b9040040000488d4a014883f901,0.00015168
4885f6534889f24889f3,0.00015168
41f6871503000001,0.00015168
558d42024889e54157488d04404156488d04c51e000000415548c1e80448c1e0044154534881ecd8000000898d28ffffff4889bd30ffffff4829c444898520ffffff488d4c240f4883e1f0488d4118c701000000004889790848898d08ffffff488941100fb6871403000083e09f83c82085d2888714030000,0.00015168
49837e4800,0.00015168
4889f14829c14883f90f,0.00015168
41894730,0.00015168
488b43104989842458040000488b43284989842460040000410fb78424b0020000,0.00015168
4889c5,0.00015168
f6451008,0.00015168
4c8b5808,0.00015168
4883bb0801000000,0.00015168
8d47e083f801,0.00015168
6836000000,0.00015168
0f1f80000000000fb7d04883c338488d0cd50000000048c1e2064829ca4c01f24839d3,0.00015168
4883c3014839eb,0.00015168
4c01f5498b442468498d542458483b5018,0.00015168
6819000000,0.00015168
8b6808,0.00015168
894424184189dd48894424084889442410448b78144183ef01,0.00015168
418b9424d4030000,0.00015168
498b91c00300004885d2,0.00015168
488b4810498b174989c84921f04901d04d3b8740030000,0.00015168
498b8424880000004883780818,0.00015168
488b8540ffffff488b104885d2,0.00015168
c60300,0.00015168
4883c110488b014885c0,0.00015168
4c89f94829c14883f90a,0.00015168
b815000000,0.00015168
4885c04989c5448b4db0488b55a8,0.00015168
488b7c2430488d7424784c8d442460b908000000,0.00015168
394d884189cf,0.00015168
b80100000048d3e04885070f95c00fb6c0,0.00015168
4489e24183c401498944d5004883c310488b034885c0,0.00015168
4589ef4181e700000010be2f0000004889dfc644246000,0.00015168
0fb686a0d665008d4e0139f988442418,0.00015168
85c04189c6,0.00015168
488b5808,0.00015168
534889fb488b3fba010000008b4b08448b430c0fb687140300004c8b4f3083e0030fb6f084c00f45d6488b7318,0.00015168
8b304889c14883ea014883e83881fe52e57464,0.00015168
81fa696e6549,0.00015168
83ab10030000014983c50144396dcc,0.00015168
ba140000004c89f7,0.00015168
488955b0488945b8448965c8488d461881e300000002899d50ffffff48898540ffffff488d45e848898510ffffff488d458048898528ffffff488d458848898500ffffff488d8578ffffff488985f8feffff488d8570ffffff488985f0feffff488bbd40ffffff498b1f488b47e8448b27488b57f84989c34c035ff04585e4,0.00015168
89d131f64889c284c9,0.00015168
4863c94839cb,0.00015168
4c8b0a4c8b5208488d7c2410488b4210488b521848897c24084c894c24104c8954241848894424204889542428,0.00015168
41574156415541544989f4554889fd534883ec28488954240848894c2410488db808090000,0.00015168
48ffc04829f8,0.00015168
41b801000000,0.00015168
488b02498d7424404885c0,0.00015168
8b7d104531ff4531f64c89eb48c78530ffffff0700000081e70000000889bd20ffffff4489ff4d89f74d89ee4189fd,0.00015168
4183ffff,0.00015168
448ba8ec0200004585ed,0.00015168
488d5c2410be60d264004889da,0.00015168
4989942440030000492b1424490194244803000049019424500300004889d149034c2410498914244885c949894c2410,0.00015168
4d8b184c8b13498d48f0498d59f04883c0024d39d3488b7918488b7318,0.00015168
415741564155415455534883ec5864488b042528000000488944244831c048897c24084885db,0.00015168
bf80476100,0.00015168
418d5eff4863f3488d34768b74f034393424,0.00015168
4584ed,0.00015168
4801d64801d749631493498d1413,0.00015168
4883c4084889f05b5d,0.00015168
4531f6410f95c60f314989d589c0889d50ffffff49c1e5204909c5418b87c0020000448d60ff4489e04d89fc4189c7,0.00015168
8b14c528000000b9020800004c8b0cc520000000448b851cffffff488bb520ffffff,0.00015168
4989b42448030000f6400401,0.00015168
8d79014489c00fa281e1f00f00000fb6db,0.00015168
b80400000031c94187d90fa24187d989c283e21f,0.00015168
85c0ba01000000,0.00015168
49898c0658030000498d86b802000049898688030000488b4424080fb6284c89f04084ed,0.00015168
0f1f8000000000440fb6d64183fa40,0.00015168
8b7d00488b731848037b20,0.00015168
4883ec084883c408,0.00015168
4c89c94829c14883f90b,0.00015168
4883c2084839f3,0.00015168
4c8ba0280400004c8bb0200400004d39f4,0.00015168
488d42ff4831d04821c8,0.00015168
681b000000,0.00015168
498b57684889df488b720848037008,0.00015168
31c04881c4d00000005b5d415c415d415e415f,0.00015168
80780144,0.00015168
4883ec30488b8d48ffffff488d54240f4883e2f048894208c7020000000048c7421000000000488951100fb6881403000048899548ffffff83e19f83c9208888140300008b8d54ffffff83c101898d54ffffff,0.00015168
4c89ef4c89ed,0.00015168
895588,0.00015168
4d85c98910,0.00015168
488b5008488b88400300004989142449894c2408803a00,0.00015168
534883ec108b038b008b4424208944240848890424,0.00015168
488b70104883c1014883c0384989742410488b70f048c1ee044839f9664189b424b2020000,0.00015168
4989342448037028493bb42448030000,0.00015168
b801000000b9ffffffff0f42c1,0.00015168
f6c308,0.00015168
498b4f70488d14524c8d24d0488b79084939d74889bd68ffffff,0.00015168
f644241008,0.00015168
48ffc0ffc9,0.00015168
8d41010fb681a0d665004189dd884424194183e502,0.00015168
4157415641554154554889f55389fb4881ec080100004885d2,0.00015168
400fb6c629c848984885c0,0.00015168
4489e34429f3,0.00015168
f680d503000008,0.00015168
415741564989fe41554989cd41544989d45589f5534883ec08488b9f400100004c8bbf480100004885ff,0.00015168
be00000100bf2048610031c0c6832048610000,0.00015168
0fb6070fb60e29c8,0.00015168
f6c304,0.00015168
4889df488d70015b,0.00015168
4c01c24c29c3,0.00015168
0fbcc2,0.00015168
4d85db,0.00015168
48ffc748ffc684c0,0.00015168
4883c40889e85b5d415c415d,0.00015168
4801ca0fb7720689f16681e1ff7f440fb7c94539cc,0.00015168
4883bba800000000,0.00015168
488d4c246044897c244044896c244c48896c24504c89e5c6442448004989cf4889442438488d4424784889442428488d44246848894424304489e825000000044189c5,0.00015168
4983c4014c89e048c1e0044883c0104829c44c8d7c240f4983e7f04d85ed,0.00015168
8b1083fa06,0.00015168
6849000000,0.00015168
49c7440508000000004883c0104839d0,0.00015168
488b8540ffffff8b1085d2,0.00015168
31ff4983fd24400f94c731f64983fd05400f94c601f609fe3bb300040000,0.00015168
6666666666662e0f1f8400000000004881fa00040000,0.00015168
4883ec084c8b4f08498d91020000c04883fa01,0.00015168
f30f6f4710660f6fe0660f74c1660f74e3660febc4660fd7c8f30f6f4720660f6fe0660f74c148c1e110660f74e3660febc4660fd7c0f30f6f4730660f74d848c1e020660f74c14809c8660febc3660fd7c848c1e1304809c84885c0,0.00015168
f20ff046eef20ff04ef0f30f7f47eef30f7f4ff0,0.00015168
682e000000,0.00015168
4883b82804000000,0.00015168
48c7c2000460ff4885c0480f45d04883c4284889d0,0.00015168
4881c4d0000000,0.00015168
4889f9b8ffffffff4889ca4809f2480faffe4839c2,0.00015168
4c89e04180e40048d1f84c89e048d1f84885ed,0.00015168
498b55204885d2,0.00015168
40f6c6074989f1,0.00015168
498b87300100004885c0,0.00015168
488d042b4983c7104839d0,0.00015168
4983c4184c39a560ffffff,0.00015168
488b4b28483b5920,0.00015168
480f44c24883c408,0.00015168
4885c04889442468448b542448,0.00015168
4c89e289c6bf01000000,0.00015168
41f6851503000020,0.00015168
488b50086448891425300000004883c4105b,0.00015168
0f31418b8fc002000048c1e22089c04809c24c29f285c9,0.00015168
83e80189c2488b14d6808a140300001085c0,0.00015168
4183c401be180000004489e7,0.00015168
4489c84489ca83c101c1e81681e2ff0f000041c1e90c83c00183c2014181e1ff0300000fafc24183c1010fafc1410fafc1,0.00015168
488943205b,0.00015168
4531e44d85ed,0.00015168
4d8b66204983fc1f,0.00015168
80790100,0.00015168
49837f7800,0.00015168
4889fe4829c64889f0488914c14883c210488b024885c0,0.00015168
0f31498bb7800300004889d389c048c1e32031c931d24809c3,0.00015168
4883ec184531c9c7042400000000,0.00015168
428d043b89c2c1ea1f448d340241d1fe4963c6488d0440488d04c68b70344139f5,0.00015168
4531c931db4531e431ed41bb40000000,0.00015168
48017808498b4424704885c0,0.00015168
4c8b6d004d85ed,0.00015168
498b16440fb6e342f644620101,0.00015168
4883c4185b5d415c415d415e415f,0.00015168
8b8d58ffffff83c101,0.00015168
6813000000,0.00015168
488b42184885c0,0.00015168
4531ff4885db,0.00015168
4889da4885c04889ee4489e748c7c1000860ff480f45c86448330c253000000048c1c111,0.00015168
48890cc64883c110488b014885c0,0.00015168
4863d741b9e700000041b83c000000,0.00015168
410fb74704498b7e08418b4f084c8b432848034d98418b17498b763083e002803f000fb7c0,0.00015168
83e8014c8d74c3080f1f4400004c89ea4c89e689ef,0.00015168
89d02500f000003d00400000,0.00015168
3c3a4d8b6f20b8000000000f45458c4d85ed89458c,0.00015168
3d17060200,0.00015168
8d8747ffffff29e8,0.00015168
448bab700b4100488d54241031f64489ef,0.00015168
498d865803000049c7867803000004000000498986800300004b8d04e448c1e004488b040231d24885c0,0.00015168
4b8d04c94989fc4889f34589c548c1e0044d8b3c064d85ff,0.00015168
0f3148c1e22089c04809c24829da,0.00015168
488b0a80392d,0.00015168
3d00800000,0.00015168
0fb6f830c0897c240c,0.00015168
4889d183e10f,0.00015168
80bd68ffffff00,0.00015168
4889c148f7d94839cb,0.00015168
83c20131ff39d1,0.00015168
4889f05b,0.00015168
4c8b4008488b78084d89c44c89c24d85c94a8d3407,0.00015168
0fb698a0d665008d5001f6c320,0.00015168
4531e4,0.00015168
0f1f008b13f6c202,0.00015168
488b4008488b976801000048894598488b875801000048899578ffffff4885c048898570ffffff,0.00015168
4889df4489ea4489e6,0.00015168
498b5424684c8b6a084c0368084c89ef,0.00015168
4183fe02,0.00015168
498b8048040000498903,0.00015168
39c5,0.00015168
4889c1488d443aff48f7df4821f8488d14184839ca,0.00015168
488b45a84885c0,0.00015168
4c89ef4829c74883ff0b,0.00015168
89f149d3e489f949d3ea4c89e64c09d64c39ee,0.00015168
4863d24863ffb801010000,0.00015168
418b46144881c4e80100005b5d415c415d415e415f,0.00015168
41ba080000004863ffb80e000000,0.00015168
488b40084803034c89ea4c89e689ef,0.00015168
8b4b04be406251734d89d783e107c1e102d3fe83e60f897228,0.00015168
39ca,0.00015168
8b53284889ce4531c94c29fe41b8ffffffffb9320000004c89ff,0.00015168
554889fd534889f34883ec08488b7608,0.00015168
89d983c30848d3e04809c54139df,0.00015168
440fb7b51affffff498b542410488ba5f0feffff4885d2,0.00015168
4181e100100000,0.00015168
4889d04883c2010fb60a31f684c9,0.00015168
4c89c94829c14889c8488914c64883c210488b024885c0,0.00015168
4585f6418d56ff,0.00015168
488b7808498b87800000004d8b8780010000488b480848897d904d85c048894d98,0.00015168
31f631ff,0.00015168
4883c5014939ec,0.00015168
4109c5410fb7470625ff7f00004139c4440f42e0418b470c85c0,0.00015168
4c8b384889c34889ef48c70000000000,0.00015168
31c090,0.00015168
0fb73866397850,0.00015168
4c89ed4989c60f1f00498b16440fb6e342f644620101,0.00015168
66443b23,0.00015168
488bbd48ffffff4885ff,0.00015168
8b0283e0024863d84885db,0.00015168
4189dc4183e401,0.00015168
81f96e74656c,0.00015168
488d141b4889a540ffffff31f6488d421048c1e80448c1e0044829c44889e748896580,0.00015168
4181e10000001041b801000000,0.00015168
49836508fe,0.00022751
415531ff41545564488b2c2510000000534883ec08,0.00022751
8b4db889d84c8b45b083e80189459c4189ce448d59014189cf,0.00022751
89c183e10729c848d3eb83f80f4889dd89c3,0.00022751
4429c14489e84183ec01d3e04963d483e8014421f83b8494c0000000,0.00022751
488b40084883e0f8,0.00022751
488d842430040000488d94249004000090c700070000004883c0044839d0,0.00022751
55534881ecb8040000488d442430488d942470020000662e0f1f840000000000c700080000004883c0044839d0,0.00022751
31c94531c0f3440f6f040e4983c001f3440f7f040f4883c1104d39c1,0.00022751
8d48010fb680a0d665004489e94183c50848d3e04909c64489f04183ed0249c1ee0283e0038d4c0503394c2410,0.00030335
4489fe8b5c244048c784241001000000000000f7de395c2418897424244863c38b8484c0000000c78424c000000000000000,0.00030335
89d90fb6c083c30848d3e04909c64439eb,0.00030335
4c8b800803000089ca4d8d0490,0.00030335
418d5c24014139db,0.00030335
85db89da4889ee490f48d44489ef,0.00030335
83f813,0.00030335
662e0f1f8400000000004883c5014939ec,0.00030335
4883782000,0.00030335
488b4424484885c0,0.00030335
8d4eff83f93f,0.00030335
8d50010fb680a0d665004489e94183c50848d3e04909c68b04ad200c41004489f24183ed0383e20749c1ee03895484408d45014883c5014139c4,0.00030335
488b4008480303,0.00030335
4489f048898550ffffffb8ffffffff4d85e448898560ffffff48c78570ffffff0000000048c78578ffffff00000000,0.00030335
80fa0a,0.00030335
8b04ad200c41004489f24183ed0383e20749c1ee03895484408d45014883c5014139c4,0.00030335
488b78104885ff,0.00030335
4989c2488d8570ffffff4d89d648898540ffffff488d8560ffffff48898548ffffff8b45104c8b8540ffffff488b0b488b9548ffffff488bb550ffffff488bbd58ffffff4c897c242844896c242048c744241800000000894424104c8964240848c7042400000000,0.00030335
4983c208498d42f84839442408,0.00030335
80fa01,0.00030335
39d0,0.00030335
3975cc,0.00030335
8b50084889d94803084883fa26,0.00030335
4889da480350104883c0184939c4488911,0.00030335
4183fd01,0.00030335
488b0b4885c9,0.00030335
488d4424288b74241c4c8d4c2430488d7c244041b800446100b94044610048890424ba01010000c744242809000000,0.00030335
8d46ff488d4c07010f1f8400000000004883c70189d048c1ea083247ff0fb6c0483314c5a01041004839cf,0.00030335
410fb13424,0.00030335
488b7c24382b4424208b0f01c039c1,0.00030335
f3440f6f040e4983c001f3440f7f040f4883c1104d39c1,0.00030335
31ff48894c2408,0.00030335
4939c4,0.00030335
498b4424584c8d2c2b4839c3,0.00030335
c744247800000000837c247001,0.00030335
4983fd26,0.00030335
4983fd25,0.00030335
b803000000,0.00030335
488d8484900100008b7424184531c94531db31ff41bcffffffff48894424608b44244041bd010000004589ce4589f829f0894424344863c68b742424488d5482044889542438488d94249001000048895424588b4484704589f7894424208b4424188d48ff4489e8d3e0894424688b44242085c0,0.00030335
83f801,0.00030335
83f800,0.00030335
f74510faffffff,0.00030335
0fbe57010fbe46014883c7014883c60184d2,0.00030335
4883f801,0.00030335
4883fa08,0.00030335
488b5c24284885db,0.00030335
4881c4180600005b5d415c415d415e415f,0.00030335
4589fe448d65fb49c1ef054183e61f418d86010100004183fc048944241c,0.00030335
498b4424084883e0f84839c5,0.00030335
0f1f8400000000004983c208498d42f84839442408,0.00030335
89c7,0.00030335
f6430801,0.00030335
89da488db0a0d6650029c2,0.00030335
83e201,0.00030335
448b3b488d4204b901000000662e0f1f840000000000448b204585e4,0.00030335
0f1f80000000004489e84489e1418d5701d3e0394424204489e3,0.00030335
4883bd70ffffff00,0.00030335
41f644240402,0.00030335
41f644240401,0.00030335
4883e804,0.00030335
48c1ed104183ee104585ff,0.00030335
4883c4305b5d415c415d415e,0.00030335
83c1014501c039f9,0.00030335
897c2440,0.00030335
5b5d415c,0.00030335
458d6eff4189dc48d1eb4183e4014183fd01,0.00030335
44397308,0.00030335
f3460f6f041166440f7f01f3460f6f040966440f7f4110f3460f6f040166440f7f4120f3440f6f040166440f7f41304883c1404839ca,0.00030335
83f901,0.00030335
31d266837d06000f94c285533c,0.00030335
4139cf4489f8,0.00030335
0f1f4400004131c7d1e84485f8,0.00030335
41ff0c24,0.00030335
4989d28b5424684485fa89d0,0.00030335
488d44241c4c8d4c2428488d7c243031d241b880436100b9c043610048890424be1e000000c744241c05000000,0.00030335
4883f903,0.00030335
4889da4803104883fe07,0.00030335
89d131c0c1e903f6c204,0.00030335
410fb64604c0e80484c0,0.00030335
4881c4380500005b5d415c415d415e415f,0.00030335
534889fb,0.00030335
8b430c4c89e78b34034c01ee,0.00030335
488b5c24204885db,0.00030335
8b5c2434468d1c234489e34539de450f46de4539e3,0.00030335
81fa51e57464,0.00030335
837b08028b13,0.00030335
488b9570ffffff488913488d65d85b415c415d415e415f5d,0.00030335
498b442410498b5424184c3b6018,0.00030335
31c00f1f00418b0c8385c9,0.00030335
644803042500000000,0.00030335
39c7440f427c244039cf44893b,0.00030335
488b4424504889d74d89ca4c895c24304c894424284c894c24084889542420482bb80803000048897424104889f848c1f8028944247889c0488d0440488d3cc6,0.00030335
41833e04,0.00030335
41574989ff41564155415455534883ec78,0.00030335
48011a4883c0184939c3,0.00030335
84c0,0.00030335
41554154554889fd534c89d34883ec080fb6470483e00f48837f0800,0.00030335
89c283c0018b1495200c4100c74494400000000083f813,0.00030335
b90c0000004889fe89c8,0.00030335
8b83c000000085c0,0.00030335
498b44ed00c74424700000000048c744244000000000488b78284c39f748897c2450,0.00030335
83ff014489448c70c78424c400000000000000,0.00030335
448b204585e4,0.00030335
4883c4084889e85b5d415c415d,0.00030335
89d1c1e905,0.00030335
4939c04889c3,0.00030335
418d45ff4c89f248c1e004498d4406100f1f80000000004c89b2700400004883c2104839c2,0.00030335
8d4a010fb692a0d665004489e9418d460548d3e24809d3,0.00030335
4883f8020f96c04983fd07400f94c609f084c0be01000000,0.00030335
554889e541574989f7415641554589cd41544d89c4534889d34881ecf80000000fb6074889bd58ffffff48898d38ffffff84c0,0.00030335
b8ffffffff4831d0,0.00030335
488b2b4885ed,0.00030335
83c20148894018488940104883c01081fa80000000,0.00030335
488b5c24304885db,0.00030335
4883c4085b5d415c415d415e415f,0.00030335
0fb65104488b710849033083e20f80fa0a,0.00030335
8b54241085d2,0.00030335
498b4424084189c54983fd25,0.00030335
83ff0189f0,0.00030335
498b5424204885d2,0.00030335
49837c247800,0.00030335
488b9708030000488d1482,0.00030335
4885c04c8b4c24084c8b4424284c8b5c2430,0.00030335
448b4c241089e848c7442410010000004c8d7358c1e8044589cd894424184889e848c1e806488944242083c030894424284889e848c1e809488944243883c05b894424444889e848c1e80c488944244883c06e894424584889e848c1e80f488944245083c0778944245c4889e848c1e812488944246083c07c89842480000000488d84249000000048294424104889442430488d84248f000000488944246841bf10270000,0.00030335
31f64983fd24400f94c64531c94983fd054c89b3f8030000410f94c181e1ff7f0000488d04494501c94109f14c8d04c244898b000400004d85c0,0.00030335
89ca488d1452488d14d3440fb75206664585d2,0.00030335
83f8ff,0.00030335
4883c2010fb60a84c9,0.00030335
4d8b7f184d85ff,0.00030335
89f94489c3b8020000002b5c8c70895c246c,0.00030335
83fa02,0.00030335
83fa01,0.00030335
4501fc4181fc00800000,0.00030335
488b034829c34901c4488b43084883e0f8483b0403,0.00030335
4c8d4a40bf10000000660f1f840000000000418b2985ed,0.00030335
48836508fe,0.00030335
8b4424180344241c4531e48944241048634424280fb78400e00b4100894424146690396c2410,0.00030335
81fa52e57464,0.00030335
498b074885c0,0.00030335
4489e941bf00800000b80080000081e1ff7f00004429e04489e64129cf4139cc89ca440f43f889c84539f7450f47fe29ce4429e24529fe4139cc458d2c0f0f47d64439fa,0.00030335
4889df44894c2410,0.00030335
4883c40831d25b89d05d,0.00030335
488d1452488d14d3440fb75206664585d2,0.00030335
ba670400000fa3c2,0.00030335
4839f54c894b704d897110,0.00030335
48894424204889c6488b5c2418488b44245048893348894308b8010000004881c4880000005b5d415c415d415e415f,0.00030335
4883c20483e101,0.00030335
4889fa41be05150000660f1f4400004c89f14883c20148c1e1054901ce4901c60fb60284c0,0.00030335
488b47f8488d77f0a802,0.00030335
396c2410,0.00030335
8d50010fb680a0d6650089d983c30848d3e04809c54139de,0.00030335
8b431085c0,0.00030335
f6c201,0.00030335
4d85c9,0.00030335
31ff4989d6,0.00030335
f6c208,0.00030335
38c2,0.00030335
488d842470020000488d94243004000090c700090000004883c0044839d0,0.00030335
83f80189c5,0.00030335
f7c204080000,0.00030335
834f0401488d475048c7442418010000004c8d4f584c8d57084889442408488d44245048294424184889442410488d44244f4889442420660f1f44000031db49871a4885db,0.00030335
85c0410f94c339f00f97c14108cb,0.00030335
31c04585e4,0.00030335
8d485b8d8400b400000048984883e802488d54c368488b42104839d0,0.00030335
4889f048c1e8064883f830,0.00030335
415741564155415455534881ec3805000083fd04,0.00030335
488d442430488d9424a80000000f1f440000c700050000004883c0044839d0,0.00030335
4c3b6210,0.00030335
4989e949c1e9094983f914,0.00030335
89c289c7c1e20683ea024883ea02488d54d368b801000000,0.00030335
498b8fe00300004885c9,0.00030335
4883c21001c0,0.00030335
498b4508a801,0.00030335
488b4c24084829c1,0.00030335
4489f04183ed0749c1ee0783e07f8d4c050b394c2410,0.00030335
a802,0.00030335
4d01ec4983cc014d85f64c89630849895f58,0.00030335
4a6304a84801f8,0.00030335
39742470,0.00030335
4889ef,0.00030335
48ffc084ed,0.00030335
48837d1800488b8538ffffff4c8b08,0.00030335
4489f04183ed0249c1ee0283e0038d4c0503394c2410,0.00030335
49817c2408ff0300004889501848894210,0.00030335
4d8d3c044989c54929ed493b07,0.00030335
41554189fd415441bcffffff7f554889f55389d34883ec08,0.00030335
488b43084c8b73104989c44983e4fa4a8d2c234c8b6d084983e5f8a801,0.00030335
89f10f1f8400000000004429c14489e84183ec01d3e04963d483e8014421f83b8494c0000000,0.00030335
4489e80f1f440000,0.00030335
48817d08ff0300004889501848894210,0.00030335
4589de4c3b75c04589df4d89f1,0.00030335
4889c6bf008661004889c54881ee00866100,0.00030335
488d842490040000488d9424b004000090c700080000004883c0044839d0,0.00030335
418b0cbe85c9,0.00030335
48ffc0f7c10000ff00,0.00030335
89d948c1eb0283e10383f902,0.00030335
8b70084883fe25,0.00030335
81e2f0000000,0.00030335
488d4424284c8d4c2430488d7c24404531c031c9ba1300000048890424be13000000c744242807000000,0.00030335
4881c4b804000089e85b5d,0.00030335
31f6,0.00030335
488b4c2408488b004885c0,0.00030335
4c3bb3f8030000498d45f0,0.00030335
89e8,0.00030335
85f0,0.00030335
4d896424284d896424204889d7,0.00030335
49895c2468488958184889e84883c8014889430848892c2b4881fdffff0000,0.00030335
41574156415541544989fc554889f5534883ec184c8b7818488b06488b58084883e3f84c8d6bdf4939fd,0.00030335
4881fdffff0000,0.00030335
31c04883c4185b5d415c415d415e415f,0.00030335
31ff4889dabe60506100,0.00030335
415685d289d0415541544989f45589fd53bbffffff7f480f49d84889da,0.00030335
85c04c8b4424084c8b5c24104c8b4c2420,0.00030335
4883c4785b5d415c415d415e415f,0.00030335
89d14889d831d248f7f1488b87000300008b049085c0,0.00030335
660f6ece89f825ff0f0000660f60c93dc00f0000660f61c9660f70c900,0.00030335
4889d85b5d415c,0.00030335
41574189ff41564989f641554989d5415455534c29e531db48c1fd034883ec08,0.00030335
c700070000004883c0044839d0,0.00030335
83fe01,0.00030335
c700050000004883c0044839d0,0.00030335
4863d24863ffb807010000,0.00030335
4885f6,0.00030335
48837c243000,0.00030335
554889fd534889f34883ec08,0.00030335
483b6a10,0.00030335
4889f24531d231f64863ffb818010000,0.00030335
4839d6,0.00030335
030c07898c04c80000004883c0044c39c0,0.00030335
4839d1,0.00030335
4c89ef4c89fa48f7da4c29e748894c24084821d748f7df,0.00030335
498b7424084d8b4c24184883fe10,0.00030335
4c01e64889ef,0.00030335
4889f048c1e8094883f814,0.00030335
8b44241485c0,0.00030335
6804000000,0.00030335
4889c14889d8480345004839c1,0.00030335
483b6b28,0.00030335
4883780807,0.00030335
4883780800,0.00030335
4c01c048d1e84d8d0cc3453a11,0.00030335
488d4424184c8d4c2420488d7c243041b800446100b940446100ba0101000048890424be20010000c744241807000000,0.00030335
4883e6f84881fdff030000,0.00030335
8d42010fb682a0d665004809c3b8050000004189dc48d1eb4183e40189d948c1eb0283e10383f902,0.00030335
8d50010fb680a0d6650089e983c50848d3e04909c74589fe448d65fb49c1ef054183e61f418d86010100004183fc048944241c,0.00030335
488914c14883c210488b024885c0,0.00030335
4883fd00,0.00030335
be010000008b442410,0.00030335
4883c458,0.00030335
4589fd418d6c24fb49c1ef054183e51f418d450183fd0389442418,0.00030335
3dff7f0000,0.00030335
48c78530ffffff000000000f1f4400004883bd70ffffff00,0.00030335
41574863c241564155415455534883ec380fb78400e00b410048897c241048897424208954240c894c242c4589ec894424184863c10fb78400e00b41008944241c3b5c240c,0.00030335
488b034829c34801c5488b43084883e0f8483b0403,0.00030335
40f6c704,0.00030335
40f6c702,0.00030335
84db,0.00030335
0fb6410583e0033c03,0.00030335
4989d1488d4e104c8d471049c1e9044c89c848c1e0044839cf0f93c14c39c6410f93c04409c14883fa0f410f97c04484c1,0.00030335
b81f00000029d883e0f8448d7403f889e8f7d00fb7c04139c7,0.00030335
3b5c241c4863f3488d3476488d54f030,0.00030335
89c58d45014863d5448964944039c8,0.00030335
0fb60e880f48ffc648ffc7f6c202,0.00030335
4489f04183ed0349c1ee0383e0078d4c0503394c2410,0.00030335
4189c6,0.00030335
488b4d804c8b9d38ffffff4989c04889830804000048898b1004000031f64885c9,0.00030335
4d3bb42478080000,0.00030335
c700090000004883c0044839d0,0.00030335
89ceb801000000c1fe05d3e04863f60984b3580800004183ef0149897c241849895424104c8962184c896710,0.00030335
4801c366833b01,0.00030335
8d47fe488d7a0431c94c8d04850400000031c00f1f4000030c07898c04c80000004883c0044c39c0,0.00030335
8b4c241c8b542418488b742428488b7c2420,0.00030335
8b0e890f4883c6044883c704f6c208,0.00030335
4889e648c744241000000000,0.00030335
4889074883c708488b064883c6084989c14d01c1,0.00030335
4883c7048b0f01c039c8,0.00030335
418b2985ed,0.00030335
0fb65004c0ea0480fa02,0.00030335
488b45084d01ec4883e0f8483b440500,0.00030335
b802000000,0.00030335
f30f6f07660fefdb660f6fe0660f74c1660f74e3660febc4660fd7c085c0,0.00030335
4989c64983e6f84883f810,0.00030335
488b5c24384885db,0.00030335
483bb378080000,0.00030335
89c18d500101f00fb68960d664004439ea888860d66400,0.00030335
b80f00000029d883e0f88d5c0308448d73f0440fb7fd48c1ed104183fe0f,0.00030335
4c8b8d78ffffff4531f6410fb6811403000083e0033c024c89c8,0.00030335
488bbd58ffffff48c1e8204d89fb4d031c244983fd08488b93e00200000fb70c47488bbd68ffffff488d04404c8d34c74c897580,0.00030335
4881feff030000,0.00030335
8b54246c85d20f95c231c0837c2440010f95c021d0,0.00030335
4c8b62184c39e2,0.00030335
41574989d341564155415455534889f34881ec88000000458b6108488b8424c80000004c89442418488bac24c00000004c8bb424d800000048897c245848894c246848894424488b8424d0000000894424748b8424e00000008944247c4d8b294989f04189f74c8d4c244049c1e8064183e73f0f1f440000498b44ed00c74424700000000048c744244000000000488b78284c39f748897c2450,0.00030335
4d39f1,0.00030335
448b74241c488d44242c8b7424184c8d4c243831d241b88043610048890424b9c0436100c744242c060000004a8d7cb440,0.00030335
4931c14d09c149ffc1,0.00030335
488b55204885d2,0.00030335
0fbcc0ba00000000488d0407403830480f45c2,0.00030335
4c89f14883c20148c1e1054901ce4901c60fb60284c0,0.00030335
0fb60c06880c074883c0014839c2,0.00030335
837c24181e,0.00030335
89cd,0.00030335
89d983c30848d3e04809c5,0.00030335
498b4424604885c0,0.00030335
4863f84889d6b805000000,0.00030335
4183c15bf6430401,0.00030335
4883ec28c744240c01000000c7442408f675ae03b95f00000048890424b8a8e3500048c1e0044883c2014801c14889c825000000f048c1e8184831c80fb60a84c9,0.00030335
be60d66400,0.00030335
49037424104989330f1f8400000000004983c4184c39a560ffffff,0.00030335
488b5b084885db,0.00030335
8b4c242c8b54242831ed488b742438488b7c2430,0.00030335
418d46fd,0.00030335
8d0c00d1f983f9fc,0.00030335
8d4ad080f9098d48d0,0.00030335
8b4484704589f7894424208b4424188d48ff4489e8d3e0894424688b44242085c0,0.00030335
8d48010fb680a0d665004489e94183c50848d3e04909c644396c2428,0.00030335
8b74241085f6,0.00030335
41bf01000000c744241401000000,0.00030335
458b5008b8000000004585d24c0f44c0418b3e488b8d48ffffff4889de4803bd30ffffff488b9528ffffff48c744240800000000c70424010000004c899d38ffffff,0.00030335
39c8,0.00030335
41b801000000894c241841d3e0,0.00030335
8b90cc03000085d2,0.00030335
4585d2,0.00030335
31d24883f8ff480f45d04883c4084889d0,0.00030335
488b50084883e2f84801d04939c5,0.00030335
4585db,0.00030335
48c743200000000048c743280000000049895c2468488958184889e84883c8014889430848892c2b4881fdffff0000,0.00030335
488b5c243085c0400f95c54885db,0.00030335
8d470383f804,0.00037919
8d48010fb680a0d665004489e94183c50848d3e04909c64489f04183ed0749c1ee0783e07f8d4c050b394c2410,0.00037919
4183fd06,0.00037919
4183c130,0.00037919
498b47684981fcff03000049895f6848895818,0.00037919
4989f24929ca4d8d4a104d8d4220498d4230f3460f6f041166440f7f01f3460f6f040966440f7f4110f3460f6f040166440f7f4120f3440f6f040166440f7f41304883c1404839ca,0.00037919
415741564155415455534881ecb80000004883febf4889742408,0.00037919
438d442dfe488d44c358488b50104839c2,0.00037919
43f644350801,0.00037919
4c89e24c894b18488943104883ca014d85f6488953084e892423,0.00037919
8b4c24304d63cf83c3104188da48897c24284c89d3898c84c000000089c80fb64c241cd3e84c89f148c1e0044a0384cc1001000088cf4989da488918488978088b4424248974241c4401f64189d74101c43b742418,0.00037919
4989e949c1e9064983f930,0.00037919
4881fdff0300004889431048895318,0.00037919
4889f0bd200000004889fb4883c0174889c24883e2f04883f820480f43ea,0.00037919
498b442468498d542458483b5018,0.00037919
83442418018b5424404589fe4863442418836c24340148834424380439d0,0.00037919
8d470283f804,0.00037919
4489f0664323843fe00b41000fb7c048c1e00449034508440fb6384989c54183ff10,0.00037919
89d90fb6c083c30848d3e04909c64139df,0.00037919
443b6c2428,0.00037919
4883c00139c6,0.00037919
488d4f404801fa4883e2c04883e1c04889c84829f84801c64839d1,0.00037919
48c743200000000048c74328000000004c89e24c894b18488943104883ca014d85f6488953084e892423,0.00037919
418d4d01438d442d0089cf488d54c358c1ef0589f88bb48358080000b801000000d3e085c0410f94c339f00f97c14108cb,0.00037919
83f810,0.00045503
83f8110f1f4000,0.00045503
4d396c2458,0.00045503
4983bc242801000000,0.00045503
80f909,0.00045503
4883c210488b024885c0,0.00045503
669089d94489ed89542414d3e5897424104c895424088d7d0148c1e704,0.00045503
4585ff,0.00045503
4d01d14c39cd,0.00045503
48c1e0044883c2014801c14889c825000000f048c1e8184831c80fb60a84c9,0.00045503
4839c2,0.00045503
5d,0.00045503
5b,0.00045503
4d85f6,0.00045503
8d50010fb680a0d665004489e1448d650348d3e04909c74589fd418d6c24fb49c1ef054183e51f418d450183fd0389442418,0.00045503
4189e941c1e904438d4409fe488d44c3584c8b60184939c4,0.00045503
4c8b52104d85d2,0.00045503
664585d2,0.00045503
f6430401,0.00045503
83c30129c84139db,0.00045503
8d50010fb680a0d6650089e9418d6c240348d3e04909c7837c24181e,0.00045503
be0100000031c0,0.00045503
554889fd534883ec08488b004885c0,0.00045503
83fa07,0.00045503
0fb133,0.00045503
4131c7d1e84485f8,0.00045503
8d50010fb680a0d6650089d983c30848d3e04809c54139df,0.00045503
4d85c0,0.00045503
31d2,0.00045503
64488b184885db,0.00045503
483d00f0ffff4889c2,0.00045503
89c8442b448470,0.00045503
4889ee4889df,0.00045503
488b4770488b7008488b4768488b40084889442460488b87f80200004885c0,0.00045503
4885c04989c4,0.00045503
4883ec08bf60d66400,0.00045503
4883c7014139fd,0.00045503
41574989fb31c041564155415455534881ec1806000089542444488d54247048894c2448b908000000488b9c24500600004c894424504889d74c890c244c89d989f0c707000000000f1f4400008b394883c1048344bc700183e801,0.00045503
4983c00483c10141f640fc01,0.00045503
8d45014863d5448964944039c8,0.00045503
4889c7,0.00045503
4883f8ff,0.00045503
8d48010fb680a0d665004489e94183c50848d3e04909c64489f04183ed0349c1ee0383e0078d4c0503394c2410,0.00045503
89ce836c242001,0.00045503
f644247c02,0.00045503
4c39e0,0.00045503
8b5338440fb72c504c89e825ff7f0000488d1440488b86e0020000488d04d08b5808413b5c2408,0.00045503
4c01f54889e84883c8014889430849895c2458,0.00045503
4489c1238ff00200004c8b14c88b8ff40200004889d848d3e84889c14c89d048d3e84489f949d3ea4c21d0a801,0.00045503
4c8b6308488b73104d85e4488b8630030000,0.00045503
8b97ec02000085d2,0.00045503
498b3424488b38,0.00045503
85c9,0.00045503
8b0a89c84831d848d1e8,0.00045503
8a073a06,0.00045503
4839f7,0.00045503
83c1014883c00483f911,0.00045503
410fb64d014183ef100fb6c149d3ee29c34439fb,0.00045503
488b084883c0084c89c24801ca,0.00045503
89d94489ed89542414d3e5897424104c895424088d7d0148c1e704,0.00045503
4883c508488b5d004885db,0.00045503
25ffffff0f3df675ae03,0.00045503
f6871503000020,0.00045503
8b394883c1048344bc700183e801,0.00045503
440fb64a044183e10f4180f906,0.00045503
4983e90483ef01,0.00045503
4189e841c1e8044183e8024489c0488b4cc708488d34c7488d56084885c9,0.00045503
4c8b5a084d89d94c03084c39cd,0.00045503
4929ec498d142f4839c3488953580f95c04883cd014983cc010fb6c048c1e0024809c549896f084c8962084d8d671085c0,0.00053087
4883e0f8483b8778080000,0.00053087
5531c089fd53bb008000004883ec08,0.00053087
488d142e488b42084883f810,0.00053087
4c8b7b58488d5520498b47084989c44983e4f84939d4,0.00053087
4c8d4b1085f6,0.00053087
4c89f3488b43084c8b73104989c44983e4fa4a8d2c234c8b6d084983e5f8a801,0.00053087
8d470183f803,0.00053087
4883c4385b5d415c415d415e415f,0.00053087
40f6c60f,0.00053087
415741564155415455534889f34883ec58488b4608895424104889c54883e5f84889ea48f7da4839d6,0.00053087
2b442444488b4c2448488b5c2428488b542450488344245804668b1c410fb6144248895c2428,0.00053087
4183642404fec1ed0483ed0289e8498b4cc408498d54c4084839cb,0.00053087
4989fc,0.00053087
8b7c2410beffffffff85ff410f95c0,0.00053087
4883fd1f,0.00053087
4131c789f14489e8d3e04963d483e8014421f83b8494c0000000,0.00060670
85c089c3,0.00060670
4154554889fd53498b1c244885db,0.00060670
ff0b,0.00060670
8b4424248974241c4401f64189d74101c43b742418,0.00060670
4883c4085b5d,0.00060670
836c242001,0.00060670
4881c4b80000004c89e05b5d415c415d415e415f,0.00060670
4885c04c8b5424088b7424108b542414,0.00060670
4883c408,0.00060670
c700080000004883c0044839d0,0.00060670
4c89e7,0.00060670
488d781085d28d4c0d01488b0c24488939488d480848c74008000000004863c248890c244889bcc410010000,0.00060670
488b53204885d2,0.00060670
4885c04989c7,0.00060670
817c241c1e010000,0.00060670
48817b08ff0300004889501848894210,0.00060670
4889df,0.00060670
483b5a10,0.00060670
31db,0.00060670
4885c04889c2,0.00060670
4831ca4c09c248ffc2,0.00060670
488b4310488b5318483b5818,0.00060670
85ed,0.00060670
89df,0.00060670
4589fc4d89fe448d6dfc4183e40f49c1ee0431ed4183c404,0.00060670
4839d9,0.00060670
4885ed,0.00060670
488b42f8a802,0.00060670
664531e4,0.00060670
89cd4531e4,0.00060670
8d48010fb680a0d665004489f14183c60848d3e04809c54183fe0f,0.00060670
488b004885c0,0.00060670
418b0c8385c9,0.00060670
4883f821,0.00060670
89c58d45014863d5c74494400000000039c8,0.00060670
480fb11a4839c1,0.00068254
89c14488ca4401d048c1e10488de4801f94439d848891148896908,0.00068254
42f6442d0801,0.00068254
48894b104889c864833c251800000000,0.00068254
a808,0.00068254
4585e4,0.00075838
8bbc8cc0000000448d47018984bc900100004489848cc00000004883c00139c6,0.00075838
4585f6,0.00075838
8b4424144c8b7c24304421f048c1e0044c01f848894424380fb648010fb6f949d3ee4129fd803863,0.00075838
f6c202,0.00075838
0fb7400883f80f,0.00075838
8b44242085c0,0.00075838
4883c4084889d05b5d,0.00075838
89e848c7442410010000004c8d7358c1e8044589cd894424184889e848c1e806488944242083c030894424284889e848c1e809488944243883c05b894424444889e848c1e80c488944244883c06e894424584889e848c1e80f488944245083c0778944245c4889e848c1e812488944246083c07c89842480000000488d84249000000048294424104889442430488d84248f000000488944246841bf10270000,0.00075838
4863cd83c501396c241089448c404189c4,0.00075838
64833c251800000000,0.00075838
4883c4585b5d415c415d415e415f,0.00083422
49396f58,0.00083422
89d089c18d500101f00fb68960d664004439ea888860d66400,0.00091006
4883ec08,0.00091006
4d85ed,0.00091006
483d00f0ffff,0.00091006
85d2,0.00091006
4189d14c89d24189da89eb488b6c242889c14488ca4401d048c1e10488de4801f94439d848891148896908,0.00091006
85db,0.00091006
8b4c24184489eb4489f829f1d3e389f1d3e84439d8,0.00091006
89c28bb4935808000085f6,0.00098589
85ff,0.00098589
4589fe0f1f4000410fb64d014183ee100fb6c148d3ed29c34439f3,0.00098589
8b6c2418458d34308974241c44897c24304589e74489f64429f53b7424184589c64189ec4489dd,0.00098589
4584c0,0.00106173
4c0168084885c0,0.00106173
4d85e4,0.00106173
0fb6c0,0.00106173
4c8b63704d39f4,0.00106173
a804,0.00106173
89e86643238436e00b41000fb7c048c1e00449034508440fb6304989c54183fe10,0.00106173
3d00010000668944242819d2488344245804f7d283c210,0.00106173
4589f7410fb64d010fb6c148d3ed29c34183ff10,0.00113757
85c089c5,0.00121341
8d45014863d5c74494400000000039c8,0.00121341
f3440f6f46104883fa40f3440f7f4710f3440f6f4416e0f3440f7f4417e0,0.00128925
488d65d85b415c415d415e415f5d,0.00136508
f3440f6f46204881fa80000000f3440f7f4720f3440f6f4416d0f3440f7f4417d0f3440f6f4630f3440f7f4730f3440f6f4416c0f3440f7f4417c0,0.00136508
4183ff63,0.00144092
4183fd02,0.00151676
0fb74416fe66894417fe,0.00151676
4885c9,0.00151676
85f6,0.00151676
488b4424588b003b442444,0.00159260
0fb606f6c2028807,0.00159260
4881fdff030000,0.00159260
488d7bf0488b5bf8,0.00159260
4189eb0fb66c24188b74241c488b4424604589fc4589f0448b7c2430ba6300000029f54839442458,0.00159260
31c0,0.00166844
4885ff,0.00166844
5b5d415c4489e8415d415e,0.00182011
85c04189c5,0.00212346
b800000000,0.00219930
4885db,0.00235098
f3440f6f064883fa20f3440f7f07f3440f6f4416f0f3440f7f4417f0,0.00250265
4989d6,0.00257849
410fb64d014c89f20fb6c148d3ea29c34139df,0.00257849
31ff,0.00257849
4885d2,0.00265433
8d50010fb680a0d6650089d983c30848d3e04909c64439eb,0.00371606
488b06488907488b4416f848894417f8,0.00371606
4181fc00800000,0.00394358
0fb744242a440fb77424284489f94429fb21e84101c6410fb745084589e54129c54489f80fb78400e00b410021d048d3ea4129c54889d50f1f80000000004489e941bf00800000b80080000081e1ff7f00004429e04489e64129cf4139cc89ca440f43f889c84539f7450f47fe29ce4429e24529fe4139cc458d2c0f0f47d64439fa,0.00424693
4889f8,0.00424693
4885c0,0.00485363
f6c218,0.00515698
4883fa10,0.00515698
4889f0488d0c124829f84829d04839c8,0.00523282
8b0689078b4416fc894417fc,0.00530866
f6c204,0.00553617
3b5c240c,0.00841802
8d50010fb680a0d6650089d983c30848d3e04809c5,0.00864553
4c89f20fb744242a440fb77424284489f94429fb21e84101c6410fb745084589e54129c54489f80fb78400e00b410021d048d3ea4129c54889d50f1f80000000004489e941bf00800000b80080000081e1ff7f00004429e04489e64129cf4139cc89ca440f43f889c84539f7450f47fe29ce4429e24529fe4139cc458d2c0f0f47d64439fa,0.01038981
8d50010fb680a0d6650089d983c30848d3e04909c64139df,0.01114819
4139df,0.01167905
4183ff0f,0.01175489
410fb74508448b6c242c4989ee4489f94429fb49d3ee4439eb66894424284489f80fb78400e00b4100668944242a,0.01228576
85c0,0.01349917
4489e7488db160d664004489fa4881c760d664004501fc,0.01478841
39d8,0.01509176
b801000000,0.01516760
4883c4085b5d415c415d,0.01531928
448b6c241c4521f549c1e5044c036c2420450fb67d004183ff10,0.01585014
410fb64d010fb6c148d3ed29c34183ff10,0.01789777
448b6c24184121ed49c1e5044c036c2410450fb67d004183ff10,0.01804945
483d01f0ffff,0.01880783
410fb755084489e04183c4014181fc00800000889060d66400,0.01911118
4883c70189d048c1ea083247ff0fb6c0483314c5a01041004839cf,0.09092977
,0.16100410
