488d480148894b288810,0.00017328
488b55a8488d4a0148894da8488b4da0488904d1c745b800000000,0.00017328
49837e3003,0.00017328
31d24c89c083c2014c8d80003665c44981f8ffc99a3b,0.00017328
4883c4285b5d415c415d,0.00034656
488b83880000004c8b83880000004889500841834004018b83c000000085c0,0.00034656
41544989fc5553488b9f48040000,0.00034656
4157415641554154554c89cd534881ecc80300004d85c989542418894c241c,0.00034656
534883ec104885c0,0.00034656
4983bf3802000000,0.00034656
4c8965a8838d40ffffff01,0.00034656
488b78080f1f40004883c010488b104885d2,0.00034656
0f1f8400000000004c89e64889ef83eb01,0.00034656
0fbe170fbe06662e0f1f84000000000084d2,0.00034656
4c89d94829c14883f90a,0.00034656
4c89d94829c14883f90b,0.00034656
0fb70e66890f4883c6024883c702f6c204,0.00034656
31c90fb77a384889d0480342204885ff49898424a0020000664189bc24b0020000,0.00034656
4883c310488b034885c0,0.00034656
415741564155415455534883ec284885ff48897c2418,0.00034656
488b02498d4f404885c0,0.00034656
488b55c0488b45c831f644895db04c8945b84c29ca4a8d3c704801d2,0.00034656
488b9d38ffffff8b8540ffffff8945b8,0.00034656
488d7b11ba07000000,0.00034656
41554989d541544989f44c0fafe2554889f5534883ec084d85e4,0.00034656
488b8548ffffffc7401801000000,0.00034656
448b9d50ffffff4585db,0.00034656
4531e44531ed488b8578ffffff4885c0,0.00034656
4983bc24c000000000,0.00034656
4889e8489949f7fb4889c5,0.00034656
498b45084889c248c1e2054885c0498d4c15f0,0.00034656
4801f8488b3e4889384889d748037e084889780849898424c80100004889c8498b8c24980200004885c9,0.00034656
662e0f1f8400000000004883c5014939ec,0.00034656
680b000000,0.00034656
4889e84080e50048d1f85b4889e848d1f85d415c,0.00034656
4885c0488945c0,0.00034656
644c8b242510000000,0.00034656
488b70184c8d68104885f6,0.00034656
4154554889fd53498b1c244885db,0.00034656
488948184885d2,0.00034656
488b53104989542410488b532848c1ea046641899424b2020000,0.00034656
f6451004,0.00034656
498b8424700100004885c0,0.00034656
4863d1ffc148c1e2044889441608488b4018,0.00034656
4801cf4983bfe000000000,0.00034656
c1e80583e00783f801,0.00034656
48897810498b87880200004885c0,0.00034656
4883ec384889042448894c24084889542410488974241848897c24204c894424284c894c2430488b742440488b7c2438,0.00034656
48837d2000,0.00034656
f7c700010000,0.00034656
488b8d40ffffff4531e448898d38ffffff,0.00034656
488b4c24384885c9,0.00034656
49b8fffefefefefefefe660f1f440000488b084883c0084c89c24801ca,0.00034656
4889c5648b04251800000085c0,0.00034656
83c20139ca,0.00034656
48838540ffffff20488b8510ffffff48398540ffffff,0.00034656
488b40104885c0,0.00034656
4c8bb00003000031ff31f60f1f8000000000418b0cbe85c9,0.00034656
4883e80884c9,0.00034656
488b45804885c0,0.00034656
6807000000,0.00034656
4889febf08000000,0.00034656
0f1f80000000008b50084889d94803084883fa26,0.00034656
4c01d84d8b1a4c89184989d34d035a084c89580849894424684889c84889f14889fe4c89c74d89c84d8b4c24704d85c9,0.00034656
488d51ff482353104989942438040000488b53204989942420040000488b53104989942418040000410fb694241403000083e20380fa01,0.00034656
8b461883f804,0.00034656
31d24489f1488bb3800300004889df85c00f95c2,0.00034656
488b8d60ffffff483901,0.00034656
0fb68d70ffffffbe0100000031c048d3e64889f248c1e2044885f6,0.00034656
488b7c24084531e4,0.00034656
488b334889ef,0.00034656
0f1f8400000000004883e80884c9,0.00034656
4c89f64939d5,0.00034656
4983bff000000000,0.00034656
415541544189fc554889f5534889d34883ec284885c0,0.00034656
8d3c00d1ff83fffc,0.00034656
8078ff2f488d50ff,0.00034656
648b0425d002000085c00f1f00,0.00034656
4531c94189d8b9020000004489ea31ff,0.00034656
4989d34d0359084c01d04d8b114c8958084c891049894424704889c84889f14889fe4c89c74d8b4424784d85c0,0.00034656
4883bd50ffffff00,0.00034656
488b124885d2,0.00034656
440fb6d64183fa40,0.00034656
8b13f6c202,0.00034656
83fa016690,0.00034656
488d04db48c1e0044801c8488b104885d2,0.00034656
ffc9488b064c8b46084c8b4e104c8b56184889074c8947084c894f104c895718488d7620488d7f20,0.00034656
4c8b8540ffffff4c39e0,0.00034656
415641554989cd41544989d45589f5530fb687140300004889fb488b4f0883c8088887140300000fb61184d2,0.00034656
4531c931c931d241b8000000204889f7,0.00034656
48891f4889e848c1c011488947084c8967104c896f184c8977204c897f28488d54240848c1c21148895730488b042448c1c0114889473831c0,0.00034656
4939c7,0.00034656
4531ff4585c0,0.00034656
55534889f34883ec084885c0,0.00034656
4883c4084489e05b5d415c415d,0.00034656
488b034885c0,0.00034656
488db808090000,0.00034656
4c8b52104d01d14c39cd,0.00034656
4803034883f83f4989c6488903,0.00034656
488b52084c8b4598480313,0.00034656
b803000000,0.00034656
41f68424d403000020,0.00034656
4531c931ff41b8ffffffffb922000000ba030000004889ee,0.00034656
410fb68715030000a802,0.00034656
4889d34889c2,0.00034656
4c8b33498d59f04c8b5d004c8b55084883c0024883ed0889f14d89d74c8b651849d3e789f94c8b6b1849d3eb4d09df4d39f7,0.00034656
4c89f948030c304883c010488948f04883ea01,0.00034656
4c8b80a00200000fb780b00200004885c0488945c8,0.00034656
488b0841bb7000000041b96000000041b850000000bf40000000be300000004889d1480348084989442460b810000000b9200000004d8b5424584d85d2,0.00034656
31f685ed41b804000000,0.00034656
4883c308488b2b4885ed,0.00034656
488d42014883c408,0.00034656
64488b00488b00488b7040488b7848488d8e000100006448890a488d8f000200006448890a488b50584881c20002000064488910,0.00034656
498b86b803000089da488b3cd0f6871403000008,0.00034656
83470401,0.00034656
8b559c4139d789d0,0.00034656
488b8b100400004c8b830804000048894d80,0.00034656
488b5b1831c985c00f95c109cd4885db,0.00034656
4839d9,0.00034656
49c7060000000049c74708000000004885db,0.00034656
480fbcc0ba00000000488d0407403830480f45c2,0.00034656
0f1f400048838540ffffff20488b8510ffffff48398540ffffff,0.00034656
80bd58ffffff00,0.00034656
4989fe31c0c78554ffffff01000000,0.00034656
488b83a80000004885c0,0.00034656
83fdff,0.00034656
488d461881e300000002899d50ffffff48898540ffffff488d45e848898510ffffff488d458048898528ffffff488d458848898500ffffff488d8578ffffff488985f8feffff488d8570ffffff488985f0feffff488bbd40ffffff498b1f488b47e8448b27488b57f84989c34c035ff04585e4,0.00034656
48399380080000,0.00034656
488b73388b3b488973184889730848897310,0.00034656
4c8b62084c036008488b3a48899568ffffff4c89e6,0.00034656
4d85e44989c5,0.00034656
4883f801,0.00034656
488b0e48890f4883c6084883c70881e2f0000000,0.00034656
4889f848baabaaaaaaaaaaaaaa48f7e2498b410848c1ea044839c2480f47d0488d04524c89c24d8d24c04885c9,0.00034656
4d8b4424384c89f24c89ee4889c74c898568ffffff,0.00034656
488d4610ba01000000,0.00034656
498b4708488d500849895708,0.00034656
4c8b9520ffffff4889d84c89fb4989c74d85d2,0.00034656
498d87b8020000498b97c002000080e502498b87b8020000,0.00034656
31c94885c0,0.00034656
662e0f1f8400000000004839b840030000,0.00034656
488b65a8488d65d85b415c415d415e415f5d,0.00034656
4c8b7008,0.00034656
66837b1a3e,0.00034656
458d7eff4439fb,0.00034656
4883c4284489f85b5d415c415d415e415f,0.00034656
4183c130,0.00034656
493bb42450030000,0.00034656
488b4208a80241898424d8030000,0.00034656
4157415641554989fd41544989f4554889d5534883ec08,0.00034656
448b4d94890424,0.00034656
49891e488b75b049891848c74310000000004983c40848897b084c896b18498d4008498b5424f84901f6488953204801f341807d002f498d541501,0.00034656
4c89c14829c14883f90f,0.00034656
4889c848baabaaaaaaaaaaaaaa48f7e2498b400848c1ea044839c2480f46c2488945a04801cf4983bfe000000000,0.00034656
b80100000041baffffffff,0.00034656
4d85db,0.00034656
4883c0014889442420,0.00034656
554889e54157415641554154534883ec3848897da8,0.00034656
f7d889014883c8ff,0.00034656
83c3014439fb,0.00034656
488bbd40ffffff498b1f488b47e8448b27488b57f84989c34c035ff04585e4,0.00034656
31f64c89e7,0.00034656
4c8d7c33084d89e84d01f84d39c7,0.00034656
8b7dcc8345cc0189f849890cc78381100300000189b9dc030000488b49184885c9,0.00034656
4883ec1848897c2408,0.00034656
488b324885f6,0.00034656
0fbed0f7da89d0,0.00034656
48bacdcccccccccccccc488d04b500000000488975c8488945b84883c04f48f7e248c1ea054c8d24924c89e748c1e705,0.00034656
488b14fd08000000488b33488d3c104829d631d2,0.00034656
85c0ba01000000,0.00034656
4c0168084885c9,0.00034656
4c89df4829c74883ff0f,0.00034656
41f6c450,0.00034656
8d42ff48c1e003,0.00034656
4531ed904b8b1cef0fb68314030000a808,0.00034656
83e201,0.00034656
8b5328f6c204,0.00034656
4c89e94c89e289ee,0.00034656
b88820600055482d8820600048c1f8034889e54889c248c1ea3f4801d048d1f8,0.00034656
89d0488b7908498bb0b80200008d500148893cc6488b4108488b491080a0140300009f4885c9,0.00034656
488b542440488b7424304889c7,0.00034656
0fb6831403000083e0033c02,0.00034656
48f7d8488d04c14a891410,0.00034656
4883c4084889d85b5d415c415d415e415f,0.00034656
4983c4014983c6384c3b65c8,0.00034656
4883c4305b5d415c415d415e,0.00034656
89f98d79014489c00fa281e1f00f00000fb6db,0.00034656
488b7908498bb0b80200008d500148893cc6488b4108488b491080a0140300009f4885c9,0.00034656
807d9800,0.00034656
4983bf0001000000,0.00034656
488d4208488b520848895c24184885d2,0.00034656
4989c34c8b4c24304c8b442428488b7c2420488b742418488b542410488b4c2408488b04244883c448,0.00034656
4181faff000000,0.00034656
41c786cc03000001000000,0.00034656
4889c2488b42184885c0,0.00034656
4531ed,0.00034656
4883c4084889d85b5d,0.00034656
44397308,0.00034656
498b8424b80300004489fa488b1cd0488b4338488b40084885c0,0.00034656
4889502083f901,0.00034656
4183ef034183e420,0.00034656
41b90100000064448b24254c00000064c704254c000000010000008b36488b8880030000488d54241844890c2448c74424080000000041b9010000004801f74889c6,0.00034656
488d14364885c90f94c131f6488d42100fb6c9894db84883e0f04829c44889e7488965c8,0.00034656
4883b96809000000,0.00034656
4839c3,0.00034656
4839c2,0.00034656
488914c64883c210488b024885c0,0.00034656
bf210000704829c74889f848890cc64883c110488b014885c0,0.00034656
48891031c04839d6,0.00034656
41574156415541544189fc55534883ec7883ff01c744244c01000000,0.00034656
4889be400400004889fb,0.00034656
4839ca,0.00034656
488b83a00000004885c0,0.00034656
4489f34c8b7424104c2374240848be00000000000000808b4c24184531c04909f685c949f7d6,0.00034656
8b5dcc488b4db831d24c89ff89de,0.00034656
4983fc01,0.00034656
4881c4c80300005b5d415c415d415e415f,0.00034656
4d8b6d184d85ed,0.00034656
488b8318010000488b1b48035a08488b400848c1e80385c0,0.00034656
bf28000000,0.00034656
8b53284c8b8528ffffff488b8de8fefffff6c202,0.00034656
48017808498b8424c80100004885c0,0.00034656
4801c848c745980000000048898d40ffffff48898548ffffff48c740100000000048c78510ffffff0000000048c78518ffffff00000000898550ffffff488d45a848898578ffffff488d459048898570ffffff488d459848898568ffffff488d45a048898560ffffff4889c84531ed4983beb802000000c70001000000,0.00034656
4d8b04244c89c049038424a802000049898424a8020000,0.00034656
6801000000,0.00034656
4889da4803104883fe07,0.00034656
4c89e948034a104883c2184c39e2488908,0.00034656
89d131c0c1e903f6c204,0.00034656
415741564155415455534881ecb80000004883febf4889742408,0.00034656
c1ee0885f6,0.00034656
415741564155415455534889fb4883ec08,0.00034656
448d5e01,0.00034656
8b430c4c89e78b34034c01ee,0.00034656
4189f44189d531ed,0.00034656
554889e541574531ff415641554154534883ec38c745c80000000048c745b0000000004883e801488945b8,0.00034656
488d47ff4883f8fd,0.00034656
4c39b530ffffff,0.00034656
31c0488b8d08ffffff,0.00034656
4139d6,0.00034656
438d442dfe488d44c358488b50104839c2,0.00034656
0fb6811403000083e0033c02,0.00034656
4989c5488d40014080fd2f48894424104889c3,0.00034656
4889174889d064833c251800000000,0.00034656
48034708,0.00034656
448ba8ec0200004585ed,0.00034656
488b55c0498b37488d7801c6002f,0.00034656
4c8b8578ffffff488b9570ffffff488bb568ffffff488bbd60ffffff4c897dc0,0.00034656
49899750030000,0.00034656
498b87680100004885c0,0.00034656
c7401001000000488b40084885c0,0.00034656
4889df4c896010488968186448333c253000000048c1c7114889780848c7000400000031c05b5d415c,0.00034656
486300,0.00034656
41f6c101,0.00034656
0fb64004c0e8043c02,0.00034656
4883bb2804000000,0.00034656
8b3083fe02,0.00034656
4883b82804000000,0.00034656
41544989f4554889d5534889fb,0.00034656
488b43404839f0,0.00034656
83e21f,0.00034656
8b458841b8010000004489bd38ffffff48c78570ffffff01000000b9020000004589c783e801898554ffffff488b7580488b8570ffffff4c8d14468bb554ffffff498d3cc46641830201488b1f4139f7,0.00034656
4d89fe8b459085c0,0.00034656
49031f66833b01,0.00034656
488b50704883b89802000000488b5a08488b5068488b7208488b90900000004889742418448b7a08,0.00034656
be2f0000004889ef,0.00034656
4531d2,0.00034656
41574989ff41564155415455534883ec78,0.00034656
64488b042500030000488944246864488b0425f80200004889442470488d442420644889042500030000488b7424088b7c2414488b10488b442418,0.00034656
4939d7480f44d0c60200,0.00034656
4989f0488bb0c00000004885f6,0.00034656
498b45004885c048894500,0.00034656
4c8b6008488b83200100004c0323488b500848c1ea0385d2448d72ff,0.00034656
31c90f01d083e00683f806,0.00034656
0fbdce83ceff83c10183eb01d3e6f7d621de,0.00034656
660f1f8400000000004883e8014885c6,0.00034656
48011a4883c0184939c3,0.00034656
4d8b3424498b4424104983c418490307,0.00034656
498b86580300004839c1,0.00034656
488b4424184883c4285b5d415c415d415e415f,0.00034656
4889d1400fb6c64889fa4889d0,0.00034656
498b9748030000498b8750030000498b8f180400004885c9,0.00034656
488b4424104c8928488b4424184883c4285b5d415c415d415e415f,0.00034656
488b4328483b4330410fb610,0.00034656
c1e80583e00783f803,0.00034656
84c0,0.00034656
488b8d48ffffff488948084885c0,0.00034656
85c0488b9568ffffff,0.00034656
c7458802000000c6002fc7459001000000,0.00034656
4531ed4983beb802000000c70001000000,0.00034656
488b47084531ed31ed488944241048894424080f1f00488b74240831db4885ed0f94c3488b0e4839cb,0.00034656
b808000000,0.00034656
4889da488b7c241848c1e20448035424104829cf48893ac64208014c89f2488bb018040000,0.00034656
488b81180300004c8d91180300004883f8ff,0.00034656
807b0100,0.00034656
4585ed49899ed80200004d896630,0.00034656
4883f8ff4889c2400f94c6,0.00034656
448b8d5cffffff4585c9,0.00034656
4889c183e1034883f901,0.00034656
488b40084989c14c0349084889f94829c14939f1480f44f94c01c0488d34384c39e2488b7808,0.00034656
4c8b7808,0.00034656
0f3189d789c60f314189d14189c00f318955a08945b80f3189d18945b00f318955808945980f31899570ffffff8945940f314189d34189c20f314189d54189c40f314189d74189c60f3149c1e12048c1e72048c1e2204809f789c04d09c14809c24929f98b45b0488b7da08b75b848c1e12049c1e72049c1e52049c1e3204d09f74d09e54d09d348c1e7204809c14c29fa4889f84d29dd8b7d984809f0488bb570ffffff4829c14939c9490f46c948c1e6204889f08b75944809f0488b758048c1e6204809fe4829f04839c1480f46c14939c54c0f47e84c39ea490f47d5,0.00034656
534881ec30010000488d44244448897c241848897c24484889742420488974245048894c24304c89442438488954242848895424584889442460,0.00034656
48017808498b4424684885c0,0.00034656
448b4808,0.00034656
4c3b7ad8b901000000440f45e98b4b04be406251734d89d783e107c1e102d3fe83e60f897228,0.00034656
554889e541574989ff4156415541545389d34881ec08010000f7c2000000084889b548ffffff898d54ffffff,0.00034656
4c29e8488d14314901c64c89e84983ce014d85e44d897508,0.00034656
4883e8014885c6,0.00034656
31c941b80b000000,0.00034656
48c1e00348398510ffffff4c8bad18ffffff,0.00034656
4c89ff,0.00034656
0f1f800000000089c841f7e989c8c1f81f01cac1fa1029c269c2ecf4ffff69d21df3010029d169c9a741000001c18d81ffffff7f85c90f48c842890c864983c0014939f8,0.00034656
8b570c85d2,0.00034656
488b45004839c3,0.00034656
4889c2488b4c2428448b5c243083e0024885d2,0.00034656
48837a0800,0.00034656
488b83280100004885c0,0.00034656
41b9010000004489e1488955a84489c844894db04489a570ffffffd3e0488b4db8898574ffffff489848898568ffffff48890148c1e004488d3c064889c3,0.00034656
89c28bb4935808000085f6,0.00034656
66837b3e38,0.00034656
488b53284885d2,0.00034656
410fb600410fb6094983c0014883c3014829c8,0.00034656
498d041831d248f7f1480fafc14801c74a8d04134901c74c39ff,0.00034656
488b4b30498994242804000031d24885c949898c2430040000,0.00034656
4801d00fb7500481e2ff7f00004139d4440f42e28b501085d2,0.00034656
803800,0.00034656
448b551c41b80100000041b95f0b4e834963fa4883ff01,0.00034656
498d86b802000049898688030000488b4424080fb6284c89f04084ed,0.00034656
48898548ffffffc7401800000000,0.00034656
31c04839d6,0.00034656
4805b8020000ba01000000498986580300004885db,0.00034656
49899748030000f6400401,0.00034656
488b55a8488b75a0b90a000000488b7d98,0.00034656
4c8b7b58488d5520498b47084989c44983e4f84939d4,0.00034656
488b83d80200004885c0,0.00034656
64488b342508000000483906,0.00034656
415531c04154554889d5534883ec084885d2,0.00034656
498b8424180400004885c0,0.00034656
4889c30f3148c1e22089c04809c2488955c8,0.00034656
488b7008,0.00034656
488b93c80100004489a3e8020000488b520848899330030000488b9570ffffff4885d2,0.00034656
4139c8,0.00034656
ba010000004883c40889d05b5d,0.00034656
498b5718498b7710,0.00034656
488b4520488d04c048c1e0044c8b2c074d85ed,0.00034656
488b01498d7424404885c0,0.00034656
4c8b83880000004183680401,0.00034656
83fe0641b801000000,0.00034656
488b55b8498d7e2831f64c8945c8,0.00034656
415541544189d4554889f55389fb4883ec08,0.00034656
498b87f8000000488b5008498b4750488b40084c8d04104939f8,0.00034656
488b5b384885db,0.00034656
c1e80e89c681e6ff030000,0.00034656
3b5c2430895c2448,0.00034656
488d741aff4889d048f7d84821c64889f5,0.00034656
0fb6070fb60e4983c0014883c3014829c8,0.00034656
49034424104889014983c4184c39e6,0.00034656
448b084585c9,0.00034656
48891f4889e864483304253000000048c1c011488947084c8967104c896f184c8977204c897f28488d54240864483314253000000048c1c21148895730488b042464483304253000000048c1c01148894738,0.00034656
64488908488b00,0.00034656
48837db80089f7410f94c048c1e703483b7db0,0.00034656
415531c04189d541544989f4be000008005548c7c5ffffffff534881ec98000000,0.00034656
4881c4b80000004c89e05b5d415c415d415e415f,0.00034656
488928,0.00034656
488b48f80fb68115030000c0e80383e0013b45c8,0.00034656
89c2c1ea0583e2074439c2,0.00034656
554889e54157415641554154534883ec784885ff0f95c048897d9048897588488955b8440fb6e048894da08845984d89ce,0.00034656
410fb786b20200006685c0,0.00034656
4883c1014883c0384839f9,0.00034656
4929c44901c5ba100000004c89ef,0.00034656
4c89de4829c64883fe0a,0.00034656
415641554154554889cd534881ec9000000048897c24188974241448895424084885c0,0.00034656
83ff0189f0,0.00034656
4c8b75b04c8b65a831db4531ed31f6,0.00034656
8b45cc85d2,0.00034656
48017808498b4424784885c0,0.00034656
4883c008483978f8,0.00034656
81e20810000083fa08,0.00034656
4189de89fb4c01e64889ef,0.00034656
488bb8c00300004885ff,0.00034656
4d85e40f95c120c8884c242888442430,0.00034656
4885c9,0.00034656
be0100000031c0,0.00034656
488b0083e0fc83c80149894718,0.00034656
4c89304489f8488d7b084c8d3cc5000000004c89ee4c89fa,0.00034656
4189c44885db,0.00034656
4c857210,0.00034656
498b4758488b4008488b50084885d2,0.00034656
0fb6431084c0,0.00034656
f7d983c108803800,0.00034656
448b4c241089e848c7442410010000004c8d7358c1e8044589cd894424184889e848c1e806488944242083c030894424284889e848c1e809488944243883c05b894424444889e848c1e80c488944244883c06e894424584889e848c1e80f488944245083c0778944245c4889e848c1e812488944246083c07c89842480000000488d84249000000048294424104889442430488d84248f000000488944246841bf10270000,0.00034656
8b430c488d0440488d0485170000004883e0f8488d3c034883c0304939c6,0.00034656
41808e160300000149899eb8030000488b8540ffffff8b1085d2,0.00034656
498b57684889df488b720848037008,0.00034656
554889fd534883ec084885db,0.00034656
48399848040000,0.00034656
554889fd534883ec08488b004885c0,0.00034656
488b4b10488b7b084883ea014989ca4929fa4c85d2,0.00034656
4b6314b84c01c2,0.00034656
836f0401,0.00034656
4c89fa31f64c89c74c29c248898de8feffff4c898528ffffff,0.00034656
498b1049c74008000000004c89c04885d2,0.00034656
48c78560ffffff00000000498b87e80000004885c0,0.00034656
0fb74b40488b7328440fb7c14a8d04c50000000049c1e0064d89c54929c5498d4435004c39f0,0.00034656
8b07a802,0.00034656
4889d08078ff2f488d50ff,0.00034656
4c89f84531d24989df48c78518ffffff000000004c899d60ffffff4889c34c899520ffffff0f1f00498b4424084189c54983fd25,0.00034656
89434031c05b,0.00034656
448d8747ffffff41544989d4ba565555554489c05541c1f81ff7ea534429c285f68d2c52,0.00034656
0f1f44000080384c,0.00034656
4883ea01f6c3074989d9,0.00034656
41574156415541544d89cc55534889cb4883ec3848897c24084889f78954242448897424184489442410,0.00034656
4989e949c1e9064983f930,0.00034656
c744240c01000000b95f000000c7442408f675ae0348891848890424b8a8e3500048c1e0044883c2014801c14889c825000000f048c1e8184831c80fb60a84c9,0.00034656
8d3400d1fe83fefc,0.00034656
4d8d0404,0.00034656
83fa03,0.00034656
49833c2400488b7010,0.00034656
4883c2104885c0,0.00034656
ba01000000,0.00034656
807c244800448b7c2440448b6c244c488b6c2450,0.00034656
4531c94983fd054c89b3f8030000410f94c181e1ff7f0000488d04494501c94109f14c8d04c244898b000400004d85c0,0.00034656
80384c,0.00034656
8b8560ffffff4589fc85c0,0.00034656
4989e831c0660f1f840000000000498b48084885c9,0.00034656
4829feba01000000,0.00034656
83bbdc030000ff,0.00034656
48898540ffffff4c8b7008,0.00034656
4c89fe4c89f7,0.00034656
488b7c24084883c418,0.00034656
48017808498b4424584885c0,0.00034656
41bbffffff6f41bdfffdff6f41befffeff6f49ba00faff7f0300000049b9a0f1ff7f0300000041b831000000,0.00034656
4c394830,0.00034656
4c01e04e8d14304c01d24829d04889c1488b4424104801d048234424204801c14885c94989ce,0.00034656
488b45c08b3085f6,0.00034656
48898560ffffff,0.00034656
4157415641be01000000415541545589fd534883ec38c644241000c6442420004c8d6c2410c744240c010000004c8d642420,0.00034656
b80b000000,0.00034656
39720c,0.00034656
ba100000004c89ef,0.00034656
488b7da089c14c89e2,0.00034656
488b17488b024885c0,0.00034656
4183fa49,0.00034656
4c89c74889d048c1e80383e707,0.00034656
554889e5,0.00034656
4889e289c6bf01000000,0.00034656
83e8014139c7,0.00034656
488b7308488b034839c6,0.00034656
49bcd80300800300000049ba78fbff7f03000000beffffff6f41b9fffdff6f41bbfffeff6f4901cc4901ca41b831000000bf21000070,0.00034656
4983fcff,0.00034656
488b442408488b4c2410488b742420488b542428488908488b44241848c7000000000048c70600000000c602004881c43001000089d85b,0.00034656
4c89e94c89e289c689ef,0.00034656
c787c0000000ffffffff448b2341f6c408,0.00034656
4889df44894c2410,0.00034656
488d701048c7400801000000,0.00034656
4801caf64202018b720c,0.00034656
31c049833f000f94c048f7d80fb750384889c148034820488d34d5000000004889d048c1e0064829f0488d4401c84885d2,0.00034656
4883c40831d25b89d05d,0.00034656
660f6ece4889f825ff0f0000660f60c9483dc00f0000660f61c9660f70c900,0.00034656
4489f2,0.00034656
0fb133,0.00034656
4531f68b8568ffffff418387100300000149c787480300000000000049c787500300000000000049c78740030000ffffffff488d14c50000000048c1e0064829d0498d3c044939fc,0.00034656
488b40084d39e348898558ffffff,0.00034656
4989cab809000000,0.00034656
488b75204c89e7,0.00034656
89c841f7e989c8c1f81f01cac1fa1029c269c2ecf4ffff69d21df3010029d169c9a741000001c18d81ffffff7f85c90f48c842890c864983c0014939f8,0.00034656
01d78d4fe683f91d,0.00034656
4885c0448b542448,0.00034656
488b9538ffffff488bb518ffffff,0.00034656
488b432048394328,0.00034656
b8010000000fa289c689c7c1ee0889c2c1ef04c1ea0c83e60f4189c283e70f4183e20f81e2f000000083fe0f4189c9,0.00034656
4c8b45c84c3b45c0,0.00034656
418b86c00200008d58ff,0.00034656
41ff08,0.00034656
488bb520ffffff488bbd28ffffff488d1430482b04fd000000004584ff498994244803000049890424,0.00034656
be100000004c8d670e4883c710,0.00034656
4489e84d89f54d89fe4d85f64189c7,0.00034656
8b5004,0.00034656
498b5c2410498b6c2428b80c00000049031f4839e84989de,0.00034656
498b3c244801fa4885d24989542410,0.00034656
4531c94531c031c9ba010000004889f7,0.00034656
4801c848894598,0.00034656
4889f0bd200000004889fb4883c0174889c24883e2f04883f820480f43ea,0.00034656
488d50014885c0480f44d5488910488b134889104883c4085b5d,0.00034656
4881c4880000005b5d415c415d415e415f,0.00034656
488b5b684885db,0.00034656
4889542418488b7a1848897c24204883ef0148897c2410,0.00034656
488d533f488d701048c7400800000000488910,0.00034656
ba14000000,0.00034656
554889e541574d89c741564189d6415541544989cc534883ec58498b406848897d8044894d8c4c8b6808,0.00034656
0fb7c14983c638488d14c50000000048c1e0064829d04c01f84939c6,0.00034656
8b8550ffffff488b8530ffffff488b88b80300004885c948898d48ffffff,0.00034656
410fb65604498b460883e20f80fa0a,0.00034656
488b8540ffffff4989842498030000488b8548ffffff49898424a0030000,0.00034656
31c941b904000000,0.00034656
410fb634020fb60c074883c0014038ce,0.00034656
488b45c8f6801403000060,0.00034656
31f64885c9,0.00034656
0fb7720689f16681e1ff7f440fb7c94539cc,0.00034656
488b98600000004885db,0.00034656
8b431085c0,0.00034656
8b8554ffffff8d7c000148c1e703,0.00034656
4983bed001000000,0.00034656
488d74241031c94889e2,0.00034656
4c8b304d85f6,0.00034656
4155415455534889fb4883ec084885ff,0.00034656
488907488b7c24104885ff,0.00034656
488b7dc04883fb014e8d3ce5000000004a8904e74c8d6f08,0.00034656
488b7c2430,0.00034656
488b7d984c8b9568ffffff41b8010000004c89e14883c708660f1f4400004883e9014489c64c89ead3e64d85d24c89d04863f6,0.00034656
498b47084889c6488945c04c89e048c1e0044983fc02498d4407f048894598488b40084889c1488945c84889f0488d740802,0.00034656
488bbd00ffffff488b4720488b772849898424a80200000fb747186689851affffff0fb747400fb7d06641898424b0020000488d0cd5000000004889d348c1e3064829cb488d0c33483b0f,0.00034656
48837b2000,0.00034656
488b442408488d54241889ee4889df,0.00034656
4989442420498d44241848898540ffffff,0.00034656
9049c7440508000000004883c0104839d0,0.00034656
29c289d0,0.00034656
83e240,0.00034656
4589fe41d1fe4963f6488d34768b74f03439f3,0.00034656
64488b184885db,0.00034656
b88f20600055482d882060004883f80e4889e5,0.00034656
488b2e4885ed,0.00034656
4883c0384839f8,0.00034656
498bb424c80100004885f6,0.00034656
488b184885db,0.00034656
4883bd50ffffff00488b0406,0.00034656
488b43184c8b43104c39c0,0.00034656
4b8d147f4989cb4c035b204d8d57014989cf48034b2848c1e20448039538ffffff48f7de4921f74d01d94921f14821fe4983fa014c893a4c894a084c895a1048894a1848897220,0.00034656
498bb7b802000048397e08,0.00034656
488b58084885db,0.00034656
0f1f40004189c44f8d2ce04d8b4d00498b91b80300004885d2,0.00034656
49837c241800,0.00034656
41837c240825,0.00034656
41545585c053,0.00034656
4883ea014883faff,0.00034656
89f98d79014489c80fa2a81f,0.00034656
4d85e40f95c04939d5,0.00034656
4889f983e1074889f8,0.00034656
b80700000031c90fa241f7c100000008,0.00034656
c700300000004883e8048b3083c70139d6,0.00034656
4883c5084c39e5,0.00034656
48c78508ffffff00000000498b47684983bff800000000488b400848898530ffffff,0.00034656
0fb7d04883c338488d0cd50000000048c1e2064829ca4c01f24839d3,0.00034656
8ba82801000085ed,0.00034656
4889ee4889df,0.00034656
0fb6068807ffc1488d7601488d7f01,0.00034656
c68568ffffff01,0.00034656
415531ff41545564488b2c2510000000534883ec08,0.00034656
49c7400800000000,0.00034656
4903042449898424a0020000f7d048238530ffffffa801,0.00034656
b92700000089c8,0.00034656
498b8fe00300004885c9,0.00034656
4c89ec,0.00034656
8b4db889d84c8b45b083e80189459c4189ce448d59014189cf,0.00034656
0fb74a048b34328b7a0881e1ff7f00004c01c6488d0c49488d0cc889790848893148c74110000000008b4a1085c9,0.00034656
48c740100000000048c74020160000004989c6488948184a8d0ce500000000488958084885f64d8d4708488d1c08498d472048894db0488945c0,0.00034656
4889c1498b442410480341084829d0498903,0.00034656
4d89fe,0.00034656
4c8b63704d39f4,0.00034656
807d024c,0.00034656
48c70601000000,0.00034656
4883ea034883fa1e,0.00034656
31d231f64c89cf,0.00034656
0fb7500481e2ff7f00004139d4440f42e28b501085d2,0.00034656
486314914801ca,0.00034656
4983bf2801000000,0.00034656
48837a0818,0.00034656
4883bd60ffffff00888558ffffff,0.00034656
83c80149894f58418947044883c4785b5d415c415d415e415f,0.00034656
488d5411f883e9086666662e0f1f8400000000000fb6068807ffc1488d7601488d7f01,0.00034656
554889e54157415641554154534889f34883ec584883fe0148897db0488975c0488955a0488965a8,0.00034656
4885c04889442430,0.00034656
4989c6488b284885ed,0.00034656
4c89e04531ed48f7de,0.00034656
4585ffb8000000004c0f45e04183faff,0.00034656
a803,0.00034656
4883c42889d85b5d415c415d415e415f,0.00034656
80a316030000fe4839c3,0.00034656
488b45000fb656044803460883e20f80fa0a,0.00034656
498b4668498b5e104c8975a8488b400848894588488945b88b8528ffffff8945b08b8520ffffff8945b4488b034885c0,0.00034656
4889e7,0.00034656
488b75904c01f8488d4a01488930488b7588488970084889d048c1e0044c01f84939cc48c7400803000000488930,0.00034656
4883f802bf01000000400f96c64983fd070f94c04008f0,0.00034656
488badd80200004885ed,0.00034656
4883c4084c89e85b5d415c415d,0.00034656
c68519ffffff004c8b4d20448b45104c89e1488bb508ffffff488bbdf8feffff89da,0.00034656
4c89e64829c64883fe0b,0.00034656
488b4d984885c9,0.00034656
488b87980200004885c0,0.00034656
4531ff4885db,0.00034656
488b8e30040000488b86380400004d89e74c8b9628040000488d79ff48f7d84e8d4411ff4821c74939cb4c0f42d94929ef4929f84d39d7,0.00034656
440fb7234c8d7b02488b5d004d8d6efe4885db,0.00034656
0fb69d50ffffff4d89e70f3148c1e22089c04809c24c29ea,0.00034656
4889ef,0.00034656
31f60f314989d689c04531ed49c1e6208b9568ffffff4c89ff4909c683fb03410f94c54531c04489e9,0.00034656
498b87880000004883780818,0.00034656
bfbc000000,0.00034656
660f1f4400004883c20848833a00,0.00034656
89b7f0020000488d70108b400c01d24889b7f80200008987f4020000488d04964489c248c1e20248898700030000488d04884829d048898708030000,0.00034656
4889f94829c1488914c84883c210488b024885c0,0.00034656
493985a0030000,0.00034656
488b8578ffffff4885c0,0.00034656
4189c44f8d2ce04d8b4d00498b91b80300004885d2,0.00034656
c78568ffffff00000000be04000000,0.00034656
4883c00f4883e0f0488d501e81e2f0ff1f004829d44c8d6c240f4983e5f0498d54050048399518ffffff,0.00034656
498b842488030000498d54242841808c24140300000441c78424cc03000001000000c7400801000000488910498b8424b00000004885c0,0.00034656
4885c04889c541b803000000,0.00034656
0fb7431883e8026683f801,0.00034656
83ff3f,0.00034656
488b49080fb7145181e2ff7f0000488d0c52488b90e00200004c8d04caba00000000418b480885c94c0f44c2648b14251800000085d2,0.00034656
4c897424284c89f7,0.00034656
498b57f8488b88400400004939d54c0f42ea488d51014883fa01,0.00034656
448b8d74ffffff0fb64d90ba01000000498d45204183e9024d63c948d3e24939d1,0.00034656
4889c24801e84801d34883c4084889d05b5d,0.00034656
8b42084139c5,0.00034656
8d79014489c80fa2a81f,0.00034656
4c8b7d884c037b08be240000004c89ff,0.00034656
4885c04989c6,0.00034656
803f00,0.00034656
4c8d70014c89f7,0.00034656
48894424f889f183e107,0.00034656
488b442408488b084883c3014839cb,0.00034656
4885c0498907488b75c8,0.00034656
4883c3304b8d047648c1e00448038538ffffff4839c3,0.00034656
4c89a0a00200000fb78568ffffff31f64c89ff66418987b0020000488b8560ffffff488b00498987a8020000,0.00034656
31c05b5d415c,0.00034656
4885c0488983e0020000,0.00034656
84d2,0.00034656
488b88c80100004885c9,0.00034656
4183fe0148c78578ffffff00000000,0.00034656
498b8424a80300004d8d9424a80300004883f8ff,0.00034656
488b7424304885f649893424,0.00034656
31ed4989d15e4889e24883e4f0505449c7c0a012400048c7c13012400048c7c700084000,0.00034656
418b4510458b4514418b7d18418b751c85c0,0.00034656
48394928,0.00034656
8b4dc885c9,0.00034656
4d8b7c24084c89e949030c244c89f84589ff48c1e8204d85ff488d04404c8d34c7,0.00034656
483d00f0ffff,0.00034656
410fb787b00200004d8ba7a00200004885c04889442408,0.00034656
498b76084a8d0426483b03,0.00034656
488b85180300004c8d95180300004883f8ff,0.00034656
4c8b6008,0.00034656
488bbd60ffffff,0.00034656
4989d531c0,0.00034656
6803000000,0.00034656
6800000000,0.00034656
4b8d5c76fd488b8528ffffff48c1e30448039d38ffffff488b3cc500000000488b73184889b520ffffff4829bd20ffffff6683bd1affffff03,0.00034656
4963c44c89fa4183c4014829c24489c94d63e44989c744898d40ffffff,0.00034656
488d9540ffffff4489f6bf0100000048898510ffffff,0.00034656
48f7d8488d04c64a890c10,0.00034656
488b9578ffffff4885d2,0.00034656
488b531049899424a0020000,0.00034656
488b4008bf02100000488936b89e00000048897610,0.00034656
488b501049899758040000488b502849899760040000,0.00034656
4889552048896a18488d04db48c1e0048344010801488985680400004883c0014883c4085b5d,0.00034656
4531ed4531e44c39d8,0.00034656
f6460503,0.00034656
4881c4d00000005b5d415c415d415e415f,0.00034656
48c1e3044801dd4c8965184883c001488945105b5d415c,0.00034656
83e21f488b4424f8,0.00034656
488b7c24384c8b4c2430,0.00034656
8b70084883fe25,0.00034656
488b5424184885d2,0.00034656
488d65d84489e85b415c415d415e415f5d,0.00034656
4c39f9,0.00034656
4183c40341f6460c204489e0,0.00034656
4c89e94c89e289de89ef,0.00034656
4c8b818800000064488b142510000000493b5008,0.00034656
83f8ff8945cc,0.00034656
488b542410488b742408,0.00034656
48837db000,0.00034656
40f6c6074989f1,0.00034656
483bb848030000,0.00034656
ba0b0000004889c7,0.00034656
498b1c24,0.00034656
4a8d841b7f06000031d249f7f3490fafc34805000900004883c4085b5d415c415d415e415f,0.00034656
4889e648c7442410000000004989e5,0.00034656
4154555348837f38004889fb,0.00034656
48f7d848b900faff7f03000000488d04c648891408,0.00034656
4883f8ff4889c3,0.00034656
0fbe46018d70d04080fe094c89ce,0.00034656
4983c4184c39a560ffffff,0.00034656
4c39cd,0.00034656
488d7b40be0100000048c1e704,0.00034656
4889d8,0.00034656
498b8f5804000049030f488d340148f7da4889d74821cf4821d64839f7,0.00034656
4c89f3488b45888b400c85c0,0.00034656
4885c0488b4c2410,0.00034656
498b8424a00200004885c0,0.00034656
415455534889de,0.00034656
450fb6c0400fb6cf400fb6f641c1e0084401c1c1e10801f139d1,0.00034656
4c89e231f64889c74c29f2,0.00034656
448b75884c89e74489f3488d04dd000000004889c248898560ffffff,0.00034656
41f7c100000010,0.00034656
41544889f889f6488d0c7655534883ec20488b5768488b7070488b7a08488b90f8000000488b7608488b52084c8d04ca498b48084889ca48c1ea204c8d0c524a8d34ce4c8b0848897424184c89cb49031883f907,0.00034656
48c7030000000031c0,0.00034656
4c01f031f6488904244c292424488b1c24,0.00034656
488b8530ffffff488bb0b8020000488b0e4839c148898d68ffffff,0.00034656
8b54244c8b44244cc1fa1f31d029d04898488d3cc5000000004963c7480faff8,0.00034656
410fb6000fb633498d48014829f0,0.00034656
83fd0c,0.00034656
0f1f840000000000488b0e4c8b460848890f4c89470883ea10488d7610488d7f10,0.00034656
488b004889442408488164240800ffffff488b4c24086448890c25280000004885c0,0.00034656
0f1f4000,0.00034656
48816dc09000000048836db801,0.00034656
4983beb803000000,0.00034656
83fd09,0.00034656
83fd06,0.00034656
89f183e107,0.00034656
83fd03,0.00034656
4c8d6c3308,0.00034656
4983c6084d8b0e4d85c9,0.00034656
488d9c1800f7ffffba00090000f6c3014889df,0.00034656
660f1f4400004c89e8480302837a0808,0.00034656
8b4a1085c9,0.00034656
31c00f95c0098554ffffff41f6871403000004,0.00034656
4d39fe4f8d2c27,0.00034656
4531c0bb440000000f1f8400000000004a8d040348d1e84d8d0cc3453a11,0.00034656
0f1f8400000000004c89ea4c89f64489ff,0.00034656
83e0f7888314030000488b83100100004885c0,0.00034656
498bb7b802000089c883e80189c2488b14d6808a140300001085c0,0.00034656
498b8424300100004885c0,0.00034656
488d759031c0b9080000004889f7498b47784885c0,0.00034656
4b8b1cef0fb68314030000a808,0.00034656
554889e54157415641554d89c54154534889f34883ec2848897dc085c0,0.00034656
4983ef064983ff1e,0.00034656
48017808498b8424f80000004885c0,0.00034656
554889e54157415641554154534889fb4883ec680f3148c1e22089c04809c24989d54885c0,0.00034656
458d7c24014489e049c744c50000000000438d7c3f0148c1e703,0.00034656
c70200000000b801000000,0.00034656
4585f6448974241c,0.00034656
480351084801f0488b31488950084889304989842498020000498b8424e00000004885c0,0.00034656
488b1f4883e8014c8d4b014c014a084883c2104885c6,0.00034656
64448924254c000000488b7424184885f6,0.00034656
4829ca41b401,0.00034656
4531c9498b024885c0,0.00034656
498b87700100004885c0,0.00034656
83eb0183fbff,0.00034656
4154554889f5534883ec104885f6,0.00034656
4883c0184939c3,0.00034656
48f7d8498914c4,0.00034656
488b74241044895c2430488d5405204889f748f7d74889d148897c24204c29e183e002480f44d14889f94c8d34324921ce4d85f64c89f1,0.00034656
4889ef4801df,0.00034656
8b855cffffff4d63e74c898540ffffff4c89e2be200000004889df85c0,0.00034656
4881fa00040000,0.00034656
498b87c80100004885c0,0.00034656
4839b840030000,0.00034656
4c89f84881c4c80300005b5d415c415d415e415f,0.00034656
488b8530fbffffbe25000000898d28fbffff4c8d68014c89ef4c89ad30fbffff,0.00034656
4883ec08ba01000000,0.00034656
807d004d,0.00034656
c780cc03000001000000,0.00034656
83c80148896b384c89634089035b5d415c,0.00034656
8d470283f804,0.00034656
f30f6f07660fefd2660f6fd8660f74c1660f74da660fd7c8660fd7d34885d2,0.00034656
31c085f6534889fb,0.00034656
4983f804,0.00034656
4c89f385d2488d8bb8020000,0.00034656
554889e5415741564189f6415541544d89c4534489cb4881ec2801000089b51cffffff488b75204889bd08ffffff31ff48899500ffffff48898df8feffff,0.00034656
4885c04889c2,0.00034656
4885c04889c3,0.00034656
4d39ec4989041e,0.00034656
4885c04889c6,0.00034656
4989de4531e431ed31db0f1f4400004883ea034883fa1e,0.00034656
4e8dbc3870040000488b542428488b74241849894628498d7f204c89b8c8020000498d470849894638,0.00034656
4c89f64829c64883fe0f,0.00034656
488b8548ffffff488b9540ffffff,0.00034656
48894208,0.00034656
4883e9014489c64c89ead3e64d85d24c89d04863f6,0.00034656
49c74424100000000049c744241800000000bb01000000,0.00034656
85c04c8b4424084c8b5c24104c8b4c2420,0.00034656
41beffffff6f41bcfffdff6f41bbfffeff6f49ba00faff7f0300000049b9a0f1ff7f0300000041b831000000bf21000070,0.00034656
48c7000000000085c0,0.00034656
448bb554ffffff4585f6,0.00034656
41b8ffffff6f41bbfffdff6f41bffffeff6f48bba0f1ff7f0300000041ba3100000041b921000070,0.00034656
41808f14030000044883bd08ffffff00,0.00034656
89d7,0.00034656
4883e8014c8b55004c8b65084c8b2b,0.00034656
4983c1014c89c848c1e004498b7405084885f6,0.00034656
4883c3084c39f3,0.00034656
4585e44489e8,0.00034656
488d471ebb1000000031d248897db048f7f348c1e0044829c44c8d7c240f4983e7f0c745cc00000000,0.00034656
4889d85b5d415c,0.00034656
498b87e00000004885c0,0.00034656
488b83d80000004c89e24c89ce4889df,0.00034656
31c0530fa281fb47656e75,0.00034656
448b4c2418488d542478488b4c246848896c24104d89e044892c244489d64889df4889442470488d4424704889442408,0.00034656
4989c45a488d24c429c2524889d64989e54883e4f0498d4cd510498d550831ed,0.00034656
4c89ea4c89e689ef,0.00034656
41574989f841564155415455534889f34881ecd00000004883fa0f,0.00034656
4183fa03,0.00034656
4183fa02,0.00034656
410fb684241403000089c283e20380fa01,0.00034656
488d430148c1e0044c8d7c0608,0.00034656
4889cf48894c2410,0.00034656
41574189ff41564989f641554989d5415455534c29e531db48c1fd034883ec08,0.00034656
4531e44531ed660f1f840000000000488b4588448b7004488b43304c037598488d04c048c1e0044c8b3c024d85ff,0.00034656
4883ef104885c9,0.00034656
4109c5410fb7470625ff7f00004139c4440f42e0418b470c85c0,0.00034656
0fb6442430884424284489e8250000000489442438,0.00034656
4989c54989c44883c0184939c3,0.00034656
4183fa0a,0.00034656
488b8540ffffff48833800,0.00034656
83fe06,0.00034656
85d2488d8bb8020000,0.00034656
48c78318030000ffffffff,0.00034656
b80a000000,0.00034656
488b53304c8d4eff4c85ca,0.00034656
4883c2084839f3,0.00034656
4883ec484531c9488d8e88030000488d54242048c74424200000000048c74424280000000048c744243000000000c644242420488954241848c744240800000000488d542418c7042400000000,0.00034656
4983fe3f,0.00034656
8b75884c8b7dc8f7de4983c7014863f648c1e6040f1f40004c89f948030c304883c010488948f04883ea01,0.00034656
415741564155415455534883ec28488b074883c70848897424084898488d54c70848833a00,0.00034656
488b7580488b8570ffffff4c8d14468bb554ffffff498d3cc46641830201488b1f4139f7,0.00034656
448d42d00fbe57018d48d04c8d57014c8d4e014c89d78d42d03c09,0.00034656
554889fd534889f34883ec08,0.00034656
c4c15b2ae4488d44245089d94889442428c5fb11642438be01000000488b3831c0,0.00034656
8bb554ffffff4c8b8530ffffff89f04c89c183c001498d04c4498980b802000089b1c00200008bb528ffffff85f6,0.00034656
4889f9488b50184885f6,0.00034656
8b1383fa06,0.00034656
4d89c74989d54989c0,0.00034656
837b1c01,0.00034656
488d50104c8920488953084889d85b5d415c,0.00034656
4889d383e2074883e3f84901d84c01cb4885d2,0.00034656
0fb70e66890f4883c6024883c7020f1f4000f6c204,0.00034656
488b3f4885ff490f44fa448b4d94890424,0.00034656
4883c4684889d85b415c415d415e415f5d,0.00034656
4839d6,0.00034656
4839d0,0.00034656
4839d1,0.00034656
498947084801c5488b44240841c7471801000000440fb67c2424803800480f45e8410fb686140300004183e70349896e0883e0fc4409f841888614030000,0.00034656
4989b42450030000,0.00034656
488b7424088b7c2414488b10,0.00034656
4883e0fd483dfdffff7f,0.00034656
81f900020000,0.00034656
554889e54157415641554154534889fb4883ec78488b47688975948955904885c0,0.00034656
4157415641554154554889fd534883ec28,0.00034656
807d0141,0.00034656
488b7dc031c0be00000800,0.00034656
4883e801498945084c8b014983f803,0.00034656
488b501049031741bd0100000031c9,0.00034656
4d89be380300004c89f04883c4385b5d415c415d415e415f,0.00034656
ba0100000031c031db,0.00034656
4183f801,0.00034656
4983bc24a002000000,0.00034656
48897330,0.00034656
6809000000,0.00034656
83f8ff89442448,0.00034656
488b00480342084883c448,0.00034656
8b558889c8898d58ffffff31f648898570ffffff29ca488b4d804801d2488d3c41,0.00034656
493b9750030000,0.00034656
0fb7c96681e60080448b0a488d0c490fb7f6488d0cc889710c8b7208448949084c01c64889318b77044c01c6488971108b4a0c85c9,0.00034656
8bbd50ffffff85ff,0.00034656
448b6808,0.00034656
48899380080000488b50084883e2f8483b542418,0.00034656
415741564155415455534883ec084885c0,0.00034656
f64202018b720c,0.00034656
488b4110488b4128,0.00034656
488b7a0848033b4c8b45980f1f4400008b57084801fa,0.00034656
0f1f80000000004d8b7c24084c89e949030c244c89f84589ff48c1e8204d85ff488d04404c8d34c7,0.00034656
488b45c84b8d3cf04a8d04700fb70883c101668908488b07488b58284839c3,0.00034656
31c053,0.00034656
4883f8ff4989842440030000,0.00034656
534889fb8b5704be01000000,0.00034656
8b442410250000002083f8014d19ff49f7d74181e70001000085c0b810000000440f45e8498dbc2f91040000be010000004889542428,0.00034656
4c89fe4889df,0.00034656
89d84883f80248898550ffffff,0.00034656
890424448b7c2430448964240889d9448b4c2434be01000000488b3831c04589f8,0.00034656
4989842448040000410fb78424b0020000,0.00034656
64893425d0020000,0.00034656
4c39e2,0.00034656
4c39e1,0.00034656
4c39e6,0.00034656
4c39e5,0.00034656
4883c4284c89c05b5d415c415d415e415f,0.00034656
0f3148c1e22089c04809c24889df,0.00034656
41808c241503000040488b9d38ffffff8b5328f6c204,0.00034656
498b9424300100004885d2,0.00034656
55534889f34883ec084885f6,0.00034656
4829ea31c9488d34284c8d60104839fb0f95c14883cd014883ca0148c1e102488973584809cd48896808488956084d85e4,0.00034656
488b7c24084885ff,0.00034656
498b0c244901c84801c14889f04d8d7c30ff48f7d84921c74939cf4c0f47f94d39f8,0.00034656
488b501049031749895710,0.00034656
4883fd00,0.00034656
4531ff4c8975b04c8965a84d89c64d89fc,0.00034656
b800000000,0.00034656
488d443aff48f7df4821f8488d14184839ca,0.00034656
83c6014489c089f14187d90fa24187d9a81f,0.00034656
488b40184885c0,0.00034656
488b4108488b791089de48c1c811644833042530000000,0.00034656
c7401800000000,0.00034656
8b8554ffffff85c0,0.00034656
4c89e8480302837a0808,0.00034656
4903042449898424180400008bbd1cffffff,0.00034656
48017808498b8424980200004885c0,0.00034656
807c2428004c89e2,0.00034656
807c2428004c89e0,0.00034656
4983c5014983c4384c3b6c2408,0.00034656
8b7b044889bd30ffffff,0.00034656
48898510ffffff4c89ad18ffffff,0.00034656
488b7424185a5b5d,0.00034656
4531c0,0.00034656
0f3148c1e22089c04809c24829da,0.00034656
4c89f74829c74883ff0a,0.00034656
4c893b4883c4085b5d415c415d415e415f,0.00034656
418b7500418b4504498d5424e04883c6034883c0034883e6fc4883e0fc488d44060c4839d0,0.00034656
55be0100000031c0534889fb4883ec08,0.00034656
4983bee001000000,0.00034656
498b97780200004885d2,0.00034656
498d7c1d004983fc0249897d0049897d10,0.00034656
554889e54157415641554989cd41544989fc534881ecd800000048899560ffffff89b568ffffff488945a019c04531f6f7d031db83e0094801d0488d45a048898558ffffff488d45b048898550ffffff488d459048898548ffffff488bbd58ffffff,0.00034656
4889034883c4205b5d415c,0.00034656
4889c5488d50014589ef49c1e7044585ed,0.00034656
4d8b5424684d85d2,0.00034656
4883c20848833a00,0.00034656
4c89e2482b5010498917,0.00034656
bb01000000c7442430c8000000c74424340100000041bc01000000,0.00034656
488d04db48c1e0048344010801488985680400004883c0014883c4085b5d,0.00034656
4c895424a8488d7c24a84c8d5424b84c895c24b831c00f1f840000000000410fb634020fb60c074883c0014038ce,0.00034656
4a8d040348d1e84d8d0cc3453a11,0.00034656
4889c1c1e703be400000004c89c583e10329fe4883e5f84883f901,0.00034656
488d14f64889782048c1e204488b14114889481048895008,0.00034656
488b4018,0.00034656
c783c0000000ffffffff488b5b684885db,0.00034656
40f6c704,0.00034656
40f6c702,0.00034656
4889ce4883c1010fb6060fb634334829f0,0.00034656
8b44244c,0.00034656
4829c6490304248b53284c8b4b20448b851cffffffb9120800004889c7,0.00034656
488b83b800000048c783a8030000ffffffff4885c0,0.00034656
488d50014889d74889542440,0.00034656
8b55c885d2,0.00034656
b8020000000fa24183fe01895424084189cf,0.00034656
488b40088b08898fec0200008b5008448b40048d72ff85d6,0.00034656
488d04c048c1e004488d440608488945c0,0.00034656
480348284801ca493b9748030000,0.00034656
4883c208488b024885c0,0.00034656
8b014989f94889cb2500800000,0.00034656
498bbc24f80000004885ff,0.00034656
488b42f8a802,0.00034656
498b57104885d2,0.00034656
648b04254c00000085c0,0.00034656
488d7c2448488b1831f64889442408488938488d7c246848895c2410,0.00034656
4d898740030000480348284801ca493b9748030000,0.00034656
4901c7410fb74704498b7e08418b4f084c8b432848034d98418b17498b763083e002803f000fb7c0,0.00034656
4883c010488b104885d2,0.00034656
4889f05b,0.00034656
4883790807,0.00034656
48c7c2000060ff4885c0480f45d04883c4284889d0,0.00034656
488b04244883783000,0.00034656
448bbd38ffffff488ba540ffffff488b8560ffffff49c7040400000000488b8568ffffff808816030000014c89a0b8030000488b8d78ffffff4885c9,0.00034656
bfc20000004989c4,0.00034656
85c9,0.00034656
415741564155415455534881ece80100004d85ff,0.00034656
488b4588448b78084901c74889d84c89f34989c6,0.00034656
4c89f14989d8,0.00034656
4c8d6c3708488d14524889a5f0feffff4c01eb48c1e2044883c21681e2f0ffff004829d4488d7c243f4889bd28ffffff48c1ad28ffffff03488bbd28ffffff48c1e7034939dd4889bd38ffffff,0.00034656
41833c2404,0.00034656
418d5e014439fb90,0.00034656
498b87600400004885c0,0.00034656
4c89e0488d65d85b415c415d415e415f5d,0.00034656
4d39e5,0.00034656
448bad54ffffff4c8978084585ed,0.00034656
41564155415455534883ec30,0.00034656
83ee014139f7,0.00034656
4c8d7b08ba080000004c89ff,0.00034656
8b97c000000085d2,0.00034656
44896db44c8d6db031c085db0f94c04c89ea8945b0,0.00034656
4983fe10,0.00034656
4d3b7c2420,0.00034656
48017808498b8424e00000004885c0,0.00034656
488942184885c0,0.00034656
4801c366833b01,0.00034656
4c8974241831ff,0.00034656
488b0748c1e004488b04064883f8ff,0.00034656
813a03030000,0.00034656
488b45c04d8b6e104d8b7e284c0328b80c0000004c39f84c89eb498d7d0c,0.00034656
448b5db04c8b45b84183c301488b45c84b8d3cf04a8d04700fb70883c101668908488b07488b58284839c3,0.00034656
4584f6,0.00034656
488d4c02ff48f7d84821c1,0.00034656
41545553,0.00034656
4531f648c7030000000041bf400300008b7dcc4c89fa4a8d7433084c29f2,0.00034656
660f1f4400004189f54f8d34ec498b06488b80b80300004885c0,0.00034656
f6801503000040,0.00034656
31c049898c0658030000498d86b802000049898688030000488b4424080fb6284c89f04084ed,0.00034656
488b400848894588488b0748014588488b458866833801,0.00034656
48ffc048c1e92084c9,0.00034656
8b0e890f4883c6044883c704f6c208,0.00034656
48f7c704000000,0.00034656
498b87b00000004885c0,0.00034656
418d4424024c89fa4889de488d3cc3,0.00034656
488d4f58ba010000004889c80f1f400083c20148894018488940104883c01081fa80000000,0.00034656
48ffc0f7c1000000ff,0.00034656
31c9f6831503000002,0.00034656
488b93080100004885d2,0.00034656
4531c90f1f00d97d800fb77d806681e7000c6681ff0004,0.00034656
4839f7,0.00034656
488b8510ffffff8b401885c0,0.00034656
4c8b8568ffffff4585db498900,0.00034656
0f1f008b13f6c202,0.00034656
0fb60384c0,0.00034656
4829f8,0.00034656
488d042b4839d0,0.00034656
498b9040040000488d4a014883f901,0.00034656
81e702020000,0.00034656
41f6871503000001,0.00034656
558d42024889e54157488d04404156488d04c51e000000415548c1e80448c1e0044154534881ecd8000000898d28ffffff4889bd30ffffff4829c444898520ffffff488d4c240f4883e1f0488d4118c701000000004889790848898d08ffffff488941100fb6871403000083e09f83c82085d2888714030000,0.00034656
49837e4800,0.00034656
4889f14829c14883f90f,0.00034656
488b43104989842458040000488b43284989842460040000410fb78424b0020000,0.00034656
4889c5,0.00034656
f6451008,0.00034656
4c8b5808,0.00034656
4883bb0801000000,0.00034656
85c0458b7e04,0.00034656
0f1f80000000000fb7d04883c338488d0cd50000000048c1e2064829ca4c01f24839d3,0.00034656
4883c3014839eb,0.00034656
8b6808,0.00034656
894424184189dd48894424084889442410448b78144183ef01,0.00034656
418b9424d4030000,0.00034656
498b91c00300004885d2,0.00034656
488b4810498b174989c84921f04901d04d3b8740030000,0.00034656
498b8424880000004883780818,0.00034656
488b8540ffffff488b104885d2,0.00034656
4883c110488b014885c0,0.00034656
4c89f94829c14883f90a,0.00034656
b815000000,0.00034656
4885c04989c5448b4db0488b55a8,0.00034656
488b7c2430488d7424784c8d442460b908000000,0.00034656
394d884189cf,0.00034656
4c8d40014c39c3,0.00034656
4489e24183c401498944d5004883c310488b034885c0,0.00034656
4589ef4181e700000010be2f0000004889dfc644246000,0.00034656
488b5808,0.00034656
534889fb488b3fba010000008b4b08448b430c0fb687140300004c8b4f3083e0030fb6f084c00f45d6488b7318,0.00034656
8b304889c14883ea014883e83881fe52e57464,0.00034656
81fa696e6549,0.00034656
83ab10030000014983c50144396dcc,0.00034656
ba140000004c89f7,0.00034656
488955b0488945b8448965c8488d461881e300000002899d50ffffff48898540ffffff488d45e848898510ffffff488d458048898528ffffff488d458848898500ffffff488d8578ffffff488985f8feffff488d8570ffffff488985f0feffff488bbd40ffffff498b1f488b47e8448b27488b57f84989c34c035ff04585e4,0.00034656
4863c94839cb,0.00034656
4c8da784000000488daf83000000,0.00034656
41574156415541544989f4554889fd534883ec28488954240848894c2410488db808090000,0.00034656
48ffc04829f8,0.00034656
41b801000000,0.00034656
488b02498d7424404885c0,0.00034656
8b7d104531ff4531f64c89eb48c78530ffffff0700000081e70000000889bd20ffffff4489ff4d89f74d89ee4189fd,0.00034656
4183ffff,0.00034656
418b46144881c4e80100005b5d415c415d415e415f,0.00034656
4989942440030000492b1424490194244803000049019424500300004889d149034c2410498914244885c949894c2410,0.00034656
4d8b184c8b13498d48f0498d59f04883c0024d39d3488b7918488b7318,0.00034656
49634e08c1e81f898560ffffff64488b120fb7144a6681e200014c0f44e94c0f44c2,0.00034656
418d5eff4863f3488d34768b74f034393424,0.00034656
4883c4084889f05b5d,0.00034656
4531f6410f95c60f314989d589c0889d50ffffff49c1e5204909c5418b87c0020000448d60ff4489e04d89fc4189c7,0.00034656
8b14c528000000b9020800004c8b0cc520000000448b851cffffff488bb520ffffff,0.00034656
4989b42448030000f6400401,0.00034656
8d79014489c00fa281e1f00f00000fb6db,0.00034656
b80400000031c94187d90fa24187d989c283e21f,0.00034656
a808,0.00034656
49898c0658030000498d86b802000049898688030000488b4424080fb6284c89f04084ed,0.00034656
4584e4,0.00034656
0f1f8000000000440fb6d64183fa40,0.00034656
8b7d00488b731848037b20,0.00034656
4883ec084883c408,0.00034656
4c89c94829c14883f90b,0.00034656
0fbcc0ba00000000488d0407403830480f45c2,0.00034656
4c8ba0280400004c8bb0200400004d39f4,0.00034656
488d42ff4831d04821c8,0.00034656
31c04881c4d00000005b5d415c415d415e415f,0.00034656
80780144,0.00034656
4883ec30488b8d48ffffff488d54240f4883e2f048894208c7020000000048c7421000000000488951100fb6881403000048899548ffffff83e19f83c9208888140300008b8d54ffffff83c101898d54ffffff,0.00034656
895588,0.00034656
4d85c98910,0.00034656
488b5008488b88400300004989142449894c2408803a00,0.00034656
488b70104883c1014883c0384989742410488b70f048c1ee044839f9664189b424b2020000,0.00034656
4989342448037028493bb42448030000,0.00034656
b801000000b9ffffffff0f42c1,0.00034656
498b4f70488d14524c8d24d0488b79084939d74889bd68ffffff,0.00034656
f644241008,0.00034656
48ffc0ffc9,0.00034656
400fb6c629c848984885c0,0.00034656
f680d503000008,0.00034656
415741564989fe41554989cd41544989d45589f5534883ec08488b9f400100004c8bbf480100004885ff,0.00034656
4c01c24c29c3,0.00034656
48ffc748ffc684c0,0.00034656
488b7598b8040000004c8b65a8f3480fbc16837db8040f4e45b839c2,0.00034656
4883c40889e85b5d415c415d,0.00034656
4801ca0fb7720689f16681e1ff7f440fb7c94539cc,0.00034656
4883bba800000000,0.00034656
488d4c246044897c244044896c244c48896c24504c89e5c6442448004989cf4889442438488d4424784889442428488d44246848894424304489e825000000044189c5,0.00034656
4983c4014c89e048c1e0044883c0104829c44c8d7c240f4983e7f04d85ed,0.00034656
8b1083fa06,0.00034656
49c7440508000000004883c0104839d0,0.00034656
31ff4983fd24400f94c731f64983fd05400f94c601f609fe3bb300040000,0.00034656
4863f84889d6b805000000,0.00034656
6666666666662e0f1f8400000000004881fa00040000,0.00034656
f30f6f4710660f6fe0660f74c1660f74e3660febc4660fd7c8f30f6f4720660f6fe0660f74c148c1e110660f74e3660febc4660fd7c0f30f6f4730660f74d848c1e020660f74c14809c8660febc3660fd7c848c1e1304809c84885c0,0.00034656
4883ec0889fabe0100000031c0,0.00034656
48c7c2000460ff4885c0480f45d04883c4284889d0,0.00034656
4889f9b8ffffffff4889ca4809f2480faffe4839c2,0.00034656
4c89e04180e40048d1f84c89e048d1f84885ed,0.00034656
680a000000,0.00034656
498b87300100004885c0,0.00034656
488d042b4983c7104839d0,0.00034656
4883ec084885c0,0.00034656
4a8d74def84a8d7cdfe849f7db4889c34989d2,0.00034656
480f44c24883c408,0.00034656
4a8b44de1048f7e14a895cdf1841b8000000004c89c34901c24a8b44de184d89c14911d148f7e14983c304,0.00034656
4885c04889442468448b542448,0.00034656
41f6851503000020,0.00034656
488b50086448891425300000004883c4105b,0.00034656
4883c47831c05b5d415c415d415e415f,0.00034656
0f31418b8fc002000048c1e22089c04809c24c29f285c9,0.00034656
83e80189c2488b14d6808a140300001085c0,0.00034656
4183c401be180000004489e7,0.00034656
4885ffc70001000000,0.00034656
488b761085ffb9010000000f45cf85c0890e,0.00034656
488943205b,0.00034656
4531e44d85ed,0.00034656
49837f7800,0.00034656
4889fe4829c64889f0488914c14883c210488b024885c0,0.00034656
0f31498bb7800300004889d389c048c1e32031c931d24809c3,0.00034656
428d043b89c2c1ea1f448d340241d1fe4963c6488d0440488d04c68b70344139f5,0.00034656
4889d74489c8,0.00034656
4531c931db4531e431ed41bb40000000,0.00034656
48017808498b4424704885c0,0.00034656
488b5b084885db,0.00034656
4c8b6d004d85ed,0.00034656
4157415641554531ed41545589fd534883ec2885ff,0.00034656
8b8d58ffffff83c101,0.00034656
488b42184885c0,0.00034656
488d480148894b288810488b4328483b4330410fb65001,0.00034656
488b53108b8bc00000004889433089f880cc08488953084889531848897328488973204889f285c98903,0.00034656
4d0fadc34c891f4d0fadc84c89470849d3e94c894f10,0.00034656
648b1425d402000083fa0089d0,0.00034656
48890cc64883c110488b014885c0,0.00034656
4863d741b9e700000041b83c000000,0.00034656
410fb74704498b7e08418b4f084c8b432848034d98418b17498b763083e002803f000fb7c0,0.00034656
83e8014c8d74c3080f1f4400004c89ea4c89e689ef,0.00034656
3d17060200,0.00034656
85d24889c6,0.00034656
498d865803000049c7867803000004000000498986800300004b8d04e448c1e004488b040231d24885c0,0.00034656
4b8d04c94989fc4889f34589c548c1e0044d8b3c064d85ff,0.00034656
0fb6f830c0897c240c,0.00034656
4889d183e10f,0.00034656
80bd68ffffff00,0.00034656
4c8b1e4c8b460831c04c0fadd84c8b4e10488d76204883ea04,0.00034656
4889c148f7d94839cb,0.00034656
83c20131ff39d1,0.00034656
31c04883c4105b5d415c,0.00034656
4c8b4008488b78084d89c44c89c24d85c94a8d3407,0.00034656
4531e4,0.00034656
488b4008488b976801000048894598488b875801000048899578ffffff4885c048898570ffffff,0.00034656
4889df4489ea4489e6,0.00034656
498b5424684c8b6a084c0368084c89ef,0.00034656
4183fe02,0.00034656
498b8048040000498903,0.00034656
4889c1488d443aff48f7df4821f8488d14184839ca,0.00034656
488b45a84885c0,0.00034656
4c89ef4829c74883ff0b,0.00034656
89f149d3e489f949d3ea4c89e64c09d64c39ee,0.00034656
488b40084803034c89ea4c89e689ef,0.00034656
8b4b04be406251734d89d783e107c1e102d3fe83e60f897228,0.00034656
8b53284889ce4531c94c29fe41b8ffffffffb9320000004c89ff,0.00034656
554889fd534889f34883ec08488b7608,0.00034656
440fb7b51affffff498b542410488ba5f0feffff4885d2,0.00034656
4181e100100000,0.00034656
488b8540ffffff8b1085d2,0.00034656
4c89c94829c14889c8488914c64883c210488b024885c0,0.00034656
4585f6418d56ff,0.00034656
31d24883f8ff480f45d04883c4084889d0,0.00034656
488b7808498b87800000004d8b8780010000488b480848897d904d85c048894d98,0.00034656
31f631ff,0.00034656
4883c5014939ec,0.00034656
4c8b384889c34889ef48c70000000000,0.00034656
0fb73866397850,0.00034656
48634520488975084c8d64240c488d048648894500438d04928d5c00ff85db,0.00034656
488bbd48ffffff4885ff,0.00034656
8b0283e0024863d84885db,0.00034656
4189dc4183e401,0.00034656
418d4d01438d442d0089cf488d54c358c1ef0589f88bb48358080000b801000000d3e085c0410f94c339f00f97c14108cb,0.00034656
81f96e74656c,0.00034656
488d141b4889a540ffffff31f6488d421048c1e80448c1e0044829c44889e748896580,0.00034656
4181e10000001041b801000000,0.00034656
4883ea01,0.00051984
438d540500f6c23f,0.00051984
4883ec18be0100000031c0,0.00051984
4829c24889d0,0.00051984
41b901000000,0.00051984
4589de4c3b75c04589df4d89f1,0.00051984
4d0fa5c84c890749d3e14c894ff8,0.00051984
41b9400000004529c14585e4,0.00051984
4889fe4531ed4531e4,0.00051984
f34a0fbc0429,0.00051984
6802000000,0.00051984
03b5f8feffff,0.00051984
4a0fbd44fff84883f03f85c04189c0,0.00051984
488b75c8488b7dc0,0.00051984
4d8b742408498b0424488b7d984a8d14f500000000488d34c6,0.00051984
6bc80a4489c683c8ff29d601ca39ce0f4dc2,0.00051984
b802000000,0.00051984
49837cf8f800,0.00051984
f7450000100000,0.00051984
418d4424ff4983ed084c89fa4a8d342f4489c944898d40ffffff48984829c24989c7,0.00051984
4d8b66204983fc1f,0.00051984
488d480148894b288810488b4328483b4330410fb65002,0.00051984
8b85acfaffff4409d80b85b0faffff83f8014183d2ff80bd06fbffff20,0.00069312
49ffcb,0.00069312
f3440f6f2066450f74e066410fd7d485d2,0.00069312
448b55b848895da8660f1f4400004183ef014939c5,0.00069312
4c8b800803000089ca4d8d0490,0.00069312
f20f1026f20f106e08440f5ac4440f5acd66450f59c066450f59c966410f58c066410f58c94883c610660f1f44000048f7c701000000,0.00069312
48837db00041b901000000,0.00069312
488b4424484885c0,0.00069312
85c089c3,0.00069312
4889d84c29e84883c4085b5d415c415d415e415f,0.00069312
48b8ffffffffffffff7f66480f7ec24821c248b8000000000000f07f4829d048c1e83f,0.00069312
44039590faffff4585d2,0.00069312
488b4008480303,0.00069312
4489f048898550ffffffb8ffffffff4d85e448898560ffffff48c78570ffffff0000000048c78578ffffff00000000,0.00069312
83c601893039b528ffffff8bb558ffffff,0.00069312
80fa0a,0.00069312
4829c34801c54885db,0.00069312
488b78104885ff,0.00069312
4989c2488d8570ffffff4d89d648898540ffffff488d8560ffffff48898548ffffff8b45104c8b8540ffffff488b0b488b9548ffffff488bb550ffffff488bbd58ffffff4c897c242844896c242048c744241800000000894424104c8964240848c7042400000000,0.00069312
80fa01,0.00069312
8b8558ffffffc78540ffffff01000000c785d4feffffffffff7fc785f4feffff01000000898538ffffff,0.00069312
3975cc,0.00069312
ff0a,0.00069312
488d7cd7f8488d74d6f889d083e003,0.00069312
8b50084889d94803084883fa26,0.00069312
4889da480350104883c0184939c4488911,0.00069312
48f7c604000000,0.00069312
4c89fe8bbddcfeffff4c29ee4889b550ffffff48c1fe0229f783e22089bd40ffffff,0.00069312
488b0b4885c9,0.00069312
4c89f04829d85b5d415c415d415e,0.00069312
f20f108540ffffff,0.00069312
41574c89c841564155415455534889cb4883ec784983f901488974242048897c24284889d64c894424084c894c2410,0.00069312
4883c002488985e0feffff,0.00069312
440f5ae4440f5aed440f5af6440f5afff20f1026f20f106e08f20f107610f20f107e1866450f59e466450f59ed66450f59f666450f59ff66410f58c466410f58cd66410f58d666410f58df450f5ae0450f5ae9450f5af2450f5afbf2440f104620f2440f104e28f2440f105630f2440f105e3866450f59e466450f59ed66450f59f666450f59ff66410f58c466410f58cd66410f58d666410f58df4883eec048ffc8,0.00069312
8b45bc83f866,0.00069312
4139f4,0.00069312
498b542408480355b04c8d72ff4883ea024885c04c0f44f2,0.00069312
0fbe85f8faffff83e82048980fb6140248630490,0.00069312
4983ec18418b44241001d883e80139c8,0.00069312
f20f114424f0488b4424f04889c648c1ee3f89314889c148beffffffffffff0f0048c1e9344821c648c1e83081e1ff07000081e9ff030000a9f07f0000890a488937,0.00069312
660fefc04885ff,0.00069312
4939c5,0.00069312
488b7da0418d4c24014889da4c89de4883c301,0.00069312
488d500148899530fbffff0fb640018d50e08885f8faffff4c89e080fa5a,0.00069312
c744247800000000837c247001,0.00069312
4983fd26,0.00069312
4983fd25,0.00069312
83f801,0.00069312
83f800,0.00069312
31c04d85c0,0.00069312
4c8b0e31c04c0fa5c84883ea02,0.00069312
4d89e84c89e74c89a510ffffff4c89adf8feffff4d89fc448bad28ffffff4589cf48899d28ffffff8b9d00ffffff4c89b500ffffff4d89c6,0.00069312
f74510faffffff,0.00069312
488b73204885f6,0.00069312
4981fcffffff7f,0.00069312
4963cabe200000004889df4889ca48898dc8faffff44899dd0faffff448995c0faffff,0.00069312
0fbe57010fbe46014883c7014883c60184d2,0.00069312
41837e1030,0.00069312
48638538ffffff4839c7,0.00069312
83bdc0faffff00,0.00069312
488b7d90488b174885d2,0.00069312
f20f1026f20f106e08f20f107610f20f107e18f2440f104620f2440f104e28f2440f105630f2440f105e384883c64048ffc8,0.00069312
498b104c63e04c8d2cc5000000004c89c64885d2,0.00069312
4883fa08,0.00069312
486355b8c78540ffffff01000000c785d4feffffffffff7f488d4410028d7a01488985e0feffff8b8558ffffff89bdf4feffff898538ffffff,0.00069312
4c89e04589fc4989df4889c3418b57fc3b9528ffffff,0.00069312
b83f000000f34d0fbcc04429e085d2,0.00069312
8b8558ffffff85c0,0.00069312
554889e5415741564989f641554154534889fb4881ec280100000fb64e0dc745c000000000c78560ffffff0000000089c8c0e80283e00183e1010fb6f889bd5cffffff,0.00069312
488d45904c8da570ffffff488d8d60fffffff20f108540ffffffbe01000000488d50284c89e748898550ffffff,0.00069312
d97d800fb77d806681e7000c6681ff0004,0.00069312
488b9530fbffff48c78508fbffff000000008b8d28fbffff4889d64c29ee4839f0,0.00069312
4983c701488b4328483b4330410fb657ff,0.00069312
4585ff,0.00069312
488b7598488b7d904a8d14f5000000004c8975b0,0.00069312
488b8530fbffff,0.00069312
83bdb0faffff00,0.00069312
498b0c24498b442408488b7d98488d4cce08488b75904c8d40ff,0.00069312
89c7,0.00069312
450fb6660c64488b374889bd10ffffff4584e4488b7e084c8b5f40448b57584c899d18ffffff44899528ffffff,0.00069312
83bd94faffff0a,0.00069312
41f6460c204489c8,0.00069312
4c8b45a04b837cd0f800,0.00069312
4883e804,0.00069312
4d0fadc84c890749d3e94c894f08,0.00069312
5b5d415c,0.00069312
66450fefc066450fefc966450fefd266450fefdb4889f84889f94881e1ff0f00004881f9cf0f0000,0.00069312
b8ffffff7f2b8528fbffff4139c2,0.00069312
554885ff4889e541564155415453,0.00069312
31d266837d06000f94c285533c,0.00069312
c785c0faffff01000000,0.00069312
415731c041564155415455534889d34883ec084885d2,0.00069312
5b,0.00069312
31c05b415c415d415e5d,0.00069312
4883f903,0.00069312
488d4424484c8d7c244c31db4889442418488d44246048894424200f1f8400000000008b4c244c8b54244c8b442448c1f91f31ca01c029ca0fafc285c0,0.00069312
410fb64604c0e80484c0,0.00069312
39b528ffffff,0.00069312
4c8d47014c8945a84c8b45a0498904f84c8b7db0,0.00069312
81fa51e57464,0.00069312
488b4d40482b4d3831d24883f97f,0.00069312
837b08028b13,0.00069312
488b9570ffffff488913488d65d85b415c415d415e415f5d,0.00069312
f7450002020000,0.00069312
85c94c0f44c083fa0a,0.00069312
83bd28fbffff00,0.00069312
488b55a048895da8448b55b8488944daf8,0.00069312
4c01ef4c01ed49897c24284c29eb4885db,0.00069312
488b4424504889d74d89ca4c895c24304c894424284c894c24084889542420482bb80803000048897424104889f848c1f8028944247889c0488d0440488d3cc6,0.00069312
41833e04,0.00069312
89d083e003,0.00069312
81bd28fbfffffeffff7f448b95c0faffff448b9dd0faffff,0.00069312
488b85e8feffff8bb528ffffff836db801c785d8feffff00000000c74008300000004c8d781089700c,0.00069312
488d74240c,0.00069312
4c8ba518fbffff488b83d80000004c89f64889df4d29f44c89e2,0.00069312
0fb6d1c785c0faffff0000000083ea3083fa09,0.00069312
41554989d541544989fc55534883ec084885d2,0.00069312
488b4424204c8b4c24284c8d04c5000000004d01c14883eb02,0.00069312
41554154554889fd534c89d34883ec080fb6470483e00f48837f0800,0.00069312
4183fc00,0.00069312
4d85d24c89d7,0.00069312
8b8560ffffff448b8d40ffffff,0.00069312
4c89e84829d8,0.00069312
4983c6044d39f4,0.00069312
f6430401,0.00069312
b90c0000004889fe89c8,0.00069312
31c048c78520ffffff00000000,0.00069312
4983c00448890f4d39c1490f47d031c048895708,0.00069312
4883bde0faffff00,0.00069312
498b44ed00c74424700000000048c744244000000000488b78284c39f748897c2450,0.00069312
b801000000,0.00069312
440f5ae4440f5aed440f5af6440f5aff66450f59e466450f59ed66450f59f666450f59ff66410f58c466410f58cd66410f58d666410f58df450f5ae0450f5ae9450f5af2450f5afb66450f59e466450f59ed66450f59f666450f59ff66410f58c466410f58cd66410f58d666410f58df48f7c704000000,0.00069312
4c8b93d80000004c29e8898d28fbffff4889c24c89ee4889df,0.00069312
8b8540ffffff8945b8,0.00069312
f7c70008000089f5,0.00069312
39d3,0.00069312
89d1c1e905,0.00069312
4939c04889c3,0.00069312
418d45ff4c89f248c1e004498d4406100f1f80000000004c89b2700400004883c2104839c2,0.00069312
4139c0,0.00069312
554889e541574989d741564989f641554154534889fb4881ecb8050000648b00898520fbffff8b87c000000085c0,0.00069312
4883f8020f96c04983fd07400f94c609f084c0be01000000,0.00069312
83bdacfaffff00,0.00069312
554889e541574989f7415641554589cd41544d89c4534889d34881ecf80000000fb6074889bd58ffffff48898d38ffffff84c0,0.00069312
be01000000488b3831c0,0.00069312
488b55a8448b55b84889d149034d08488d59ff4883e9024885c0488b4598480f44d94c8d0cdd000000004889de4829d64a0fbd4408f84889f24883c201c1e2064883f03f4189c04189c441f7d04101d0418d52034439c2,0.00069312
85ed89c68b5374,0.00069312
488b2b4885ed,0.00069312
5b5d415c415d415e,0.00069312
48f7c702000000,0.00069312
83c20148894018488940104883c01081fa80000000,0.00069312
4c89e64889ef83eb01,0.00069312
4883c4085b5d415c415d415e415f,0.00069312
0fb65104488b710849033083e20f80fa0a,0.00069312
498b4424084189c54983fd25,0.00069312
4989ee4531ed660f1f440000,0.00069312
4183fc3f,0.00069312
49837c247800,0.00069312
488b9708030000488d1482,0.00069312
4885c04c8b4c24084c8b4424284c8b5c2430,0.00069312
4c01e0,0.00069312
4885c94889ca,0.00069312
31f64983fd24400f94c64531c94983fd054c89b3f8030000410f94c181e1ff7f0000488d04494501c94109f14c8d04c244898b000400004d85c0,0.00069312
488b0f4c8b47084c8b4f288b014103004883c1048941fcd1e84939c98906,0.00069312
8d50e08885f8faffff31c080fa5a,0.00069312
418b761083fe30,0.00069312
89ca488d1452488d14d3440fb75206664585d2,0.00069312
4d8b7f184d85ff,0.00069312
4c8b55a84983fa01,0.00069312
8b5338440fb72c504c89e825ff7f0000488d1440488b86e0020000488d04d08b5808413b5c2408,0.00069312
4d85d2,0.00069312
83fa02,0.00069312
83fa01,0.00069312
83fa07,0.00069312
6685ff,0.00069312
488b8530fbffff0fb6003c24,0.00069312
488dbd80fbffff31c0b9050000000fb695b8faffff4889bd68faffff8b85c0faffff0fb68d98faffff8bbd94faffff83e201c1e202898580fbffff8b85c8faffff83e10101c9898584fbffff0fbe85f8faffff898588fbffff89f883e00109c80fb68da8faffff09d00fb695acfaffff83e101c1e10383e20109c80fb68dd0faffffc1e20409d00fb695b0faffff83e101c1e10583e20109c80fb68d88faffffc1e20609d0c1e10709c888858cfbffff0fb68584faffff83e001c1e00385ff88858dfbffff0fb68506fbffff898590fbffff,0.00069312
beffffff7f29ce4863f64839f0,0.00069312
49d3e14c890f,0.00069312
c68507fbffff0048c785e0faffff00000000c785d4faffff00000000c78500fbffff0000000048c785f0faffffffffffff48c785d8faffff00000000488d500148899530fbffff0fb640018d50e08885f8faffff4c89e080fa5a,0.00069312
81fa52e57464,0.00069312
f20f1008660f28c1f20f118d40ffffff,0.00069312
4983ed1845395514,0.00069312
31c980bdf8faffff588b9594faffff488bbd98faffff4c89ee44899d90faffff0f94c1,0.00069312
498b074885c0,0.00069312
83e2fb89537483e2ebf70300800000895374,0.00069312
83fa30,0.00069312
83fe39,0.00069312
83bd90faffff00,0.00069312
488d1452488d14d3440fb75206664585d2,0.00069312
ba670400000fa3c2,0.00069312
48894424204889c6488b5c2418488b44245048893348894308b8010000004881c4880000005b5d415c415d415e415f,0.00069312
48633f4863124885ff,0.00069312
55534c89d34883ec08418b423085c0,0.00069312
4885ff4989fd4989cf,0.00069312
4883c20483e101,0.00069312
4889fa41be05150000660f1f4400004c89f14883c20148c1e1054901ce4901c60fb60284c0,0.00069312
3ddeffff7f8985c8faffff,0.00069312
4c89ee64483304253000000048c1c011,0.00069312
4889f0,0.00069312
48898598faffffc78594faffff0a0000004531db,0.00069312
448b2341f6c408,0.00069312
4d85c0,0.00069312
4d85c9,0.00069312
488b532883fdff,0.00069312
38c2,0.00069312
f7c204080000,0.00069312
01c8803a00898528fbffff,0.00069312
483d00f0ffff4889c2,0.00069312
4989d28b032500800000,0.00069312
488907,0.00069312
448bbdf4feffff4531e44585ff,0.00069312
4d29fd4d39fe48895530,0.00069312
89d04903471083c21041895704f20f1000f20f118570fbffff,0.00069312
89d6c1fe1fc1ee1a8d0c3283e13f29f18d723f85d20f48d64c89e6c1fa064863d2488d3cd74889c2,0.00069312
4c63a540ffffff4889df4c89e2,0.00069312
39c5b8ffffffff440f45e0f70300800000,0.00069312
4c89e7,0.00069312
418b570481fab0000000,0.00069312
498d44241e48c785c0feffff00000000c785ccfeffff000000004883e0f04829c4488d44241f488985e8feffff4883a5e8fefffff0488b85e8feffff4c8d68088b45c085c0,0.00069312
4c3b75a8,0.00069312
a804,0.00069312
838500fbffff014889d0,0.00069312
498b4508498b4d00488d50ff488b45a84839c2,0.00069312
4155415455534889fb4881ec282100008b8fc000000085c9,0.00069312
488b85e0feffff4c8d2485080000004981fc00100000,0.00069312
4585c0,0.00069312
488b55b04183ed014939c4,0.00069312
4a6304a84801f8,0.00069312
85f6,0.00069312
486344240c4883c418,0.00069312
4d31d2660fefd2488d14d500000000660fefdb4883fa08,0.00069312
4901c049d3e8488b0f4981f8ffc99a3b,0.00069312
48ffc084ed,0.00069312
3bbd58ffffff,0.00069312
83bd98faffff00,0.00069312
4881c4d800000089f05b5d,0.00069312
48837d1800488b8538ffffff4c8b08,0.00069312
4989c70fb785800000006685c0,0.00069312
41f6460d08,0.00069312
488bb530ffffffc785f0feffff000000004885f6,0.00069312
c5fa2ac08b7c244c8b54244c8b4424484183c5014983c604c1ff1f31fa01c029fa0fafc2c4c17a1146fc4439e8,0.00069312
0f294424500f294c24600f295424700f299c24800000000f29a424900000000f29ac24a00000000f29b424b00000000f29bc24c00000004989d28b032500800000,0.00069312
4c89ad40ffffff48899d20ffffff4c89e3448bbdf4feffff4c8bade8feffff4c8ba550ffffff660f1f4400004d89e2,0.00069312
4883c4084889d05b5d,0.00069312
534d31d2488b064889d348f7e14989db4c01d04883d20083e303,0.00069312
4189c5488945a841c1e5064183ed34,0.00069312
4883ef01,0.00069312
4883c4184801c55b4889e85d415c415d,0.00069312
488d45104839c7488d47100f93c24839c50f93c008c2,0.00069312
4d89e2,0.00069312
48b800000000000010004809f0488907b801000000,0.00069312
81bdc0faffffc8030000,0.00069312
4585d2488b9d38ffffff,0.00069312
41f6460d0841bc01000000,0.00069312
8b83c000000085c0,0.00069312
418b0cbe85c9,0.00069312
48ffc0f7c10000ff00,0.00069312
418b77fc8b9528ffffff31ff498d47fc39d6,0.00069312
448b9d5cffffff4585db,0.00069312
4939c4c78528fbffffffffffff,0.00069312
4c89c048bacff753e3a59bc42049c1f83f48f7ea48c1fa074c29c2488957084885f6,0.00069312
498d3cd9488b04de4883eb014883ef0848f7f1488947084883fbff,0.00069312
8b8528fbffff488d65d85b415c415d415e415f5d,0.00069312
4d89ee4929d6,0.00069312
31f6,0.00069312
f20f1026f20f106e08f20f107610f20f107e18440f5ac4440f5acd440f5ad6440f5adf66450f59c066450f59c966450f59d266450f59db66410f58c066410f58c966410f58d266410f58db4883c62048f7c702000000,0.00069312
488b83d80000004863d54889df,0.00069312
83fa3f,0.00069312
4c3bb3f8030000498d45f0,0.00069312
31ff,0.00069312
418d42024139c0,0.00069312
415455534889fb8b3f40f6c708,0.00069312
4883bd30ffffff00,0.00069312
48890783fa01,0.00069312
c5fb105c2410c5fb2a442448be01000000c5e35e4c2438488b38b802000000c5fb5ec1,0.00069312
488d842420010000488d7c242048899c2400010000c78424e0000000ffffffffc74424200480adfb48894424484889442440488d84242021000048c78424a80000000000000048894424508b43748984249400000048898424f8000000,0.00069312
0faee80f3148c1e2204809c24839c2,0.00069312
baffffff7f29ca01c139d0,0.00069312
80bd07fbffff00,0.00069312
8b4718488b571085c0,0.00069312
8985c0faffff83c001,0.00069312
488b55a8488b4da04889d04c29e24c29f848837cc1f800480f44c2488945a80f1f00418b46048985dcfeffff418b460864488b124863c88b348a4080fe6589b5d0feffff,0.00069312
0f1f00440f5ae4440f5aed440f5af6440f5afff20f1026f20f106e08f20f107610f20f107e1866450f59e466450f59ed66450f59f666450f59ff66410f58c466410f58cd66410f58d666410f58df450f5ae0450f5ae9450f5af2450f5afbf2440f104620f2440f104e28f2440f105630f2440f105e3866450f59e466450f59ed66450f59f666450f59ff66410f58c466410f58cd66410f58d666410f58df4883eec048ffc8,0.00069312
48c78530ffffff00000000c78500ffffff0000000048c78508ffffff0000000041f6c401488b02,0.00069312
8b85c0000000488b553885c04889551848895508488955104889552848895520,0.00069312
8b855cffffff85c0,0.00069312
4181e40080000048898518fbffff48898530fbffffc78524fbffff00000000,0.00069312
418b46048985dcfeffff418b460864488b124863c88b348a4080fe6589b5d0feffff,0.00069312
44019528fbffff4531d2,0.00069312
488b85d80000004c89f24c89e64889ef,0.00069312
488b85d8000000beffffffff4889ef,0.00069312
31db,0.00069312
4889d1488b7b08488b53104c8b0331f6,0.00069312
48baffffffffffffff7f48b8000000000000f07f66480f7ec14821ca48c1f93e4831c24889d048f7d84809d048c1f83ff7d021c8,0.00069312
488b5318488d4a0148894b18488b4b10488904d14883c40889e85b5d,0.00069312
488d421e4883e0f04829c44c8d64241f4983e4f0498d04144d39ef48898530ffffff,0.00069312
4883c4385b5d415c415d415e415f,0.00069312
8b8520ffffffc78540ffffff010000004139c789c6,0.00069312
488b4da0f3480fbcd289d04a8b0c294885c9,0.00069312
4885c04889c5,0.00069312
4531f64989dd4b8d042e4885c0,0.00069312
4889d05b,0.00069312
498b08488b54daf84531e44839d1,0.00069312
4589f94c8ba510ffffff4c8badf8feffff488b9d28ffffff4c8bb500ffffff,0.00069312
4839c119c083e00283e801,0.00069312
8b8d28fbffff48898530fbffff85c9,0.00069312
89d14889d831d248f7f1488b87000300008b049085c0,0.00069312
89df,0.00069312
4c8d6dc848c78508fbffff00000000c785a8faffff00000000c785acfaffff00000000c785d0faffff00000000c785b0faffff00000000c78588faffff00000000c78594faffff00000000c78598faffff00000000c785b8faffff00000000c78590faffff00000000c785c8faffff00000000c785c0faffffffffffffc78584faffff00000000c68506fbffff20488d8d30fbffff48898d68faffff488d8d80fbffff48898d50faffff,0.00069312
418b4228bd300000008d50ff85c041895228,0.00069312
4183ed014939c4,0.00069312
488b7da0488b55a8448b8d40ffffff4c2965b04a8d342f4c29fa4489c9,0.00069312
4585e448c744241000000000,0.00069312
83bd88faffff00,0.00069312
8b8d28fbffff81f9feffff7f,0.00069312
83fe01,0.00069312
660fefc94885d2,0.00069312
0f1f40004983c701488b4328483b4330410fb657ff,0.00069312
4889d1498d500431c048890f48895708,0.00069312
b8ffffffff39c1,0.00069312
488b5318488b7b10b90a000000488d5cd7f84889fe4883ea01488b2b,0.00069312
4889df4829f25b5d415c,0.00069312
8b4c2434034c24483b4c2430894c2448,0.00069312
4c01e64889ef,0.00069312
6804000000,0.00069312
483b6b28,0.00069312
4883780807,0.00069312
4883780800,0.00069312
4c89fa4c89f64889df,0.00069312
4801ca4585d24c894708488917,0.00069312
4c01c048d1e84d8d0cc3453a11,0.00069312
4889f54889d3,0.00069312
0fb6008d50e08885f8faffff31c080fa5a,0.00069312
4889f848c1f803,0.00069312
4883c4084889e85b5d415c415d,0.00069312
4a8d74def04a8d7cdfe049f7db4d31c031db4989c24a8b44de184989d1,0.00069312
488914c14883c210488b024885c0,0.00069312
4c0fafa5e0feffff488bb538ffffff4a8d5426024801c24883bdc0feffff00,0.00069312
5589f5534889fb4881ecd800000084c048894c24384c894424404c894c2448,0.00069312
83c530,0.00069312
31c0660f1f4400000fb65405008814074883c0014c39e8,0.00069312
4439bd38ffffff,0.00069312
488b7424504c894c24204c895c24104c89442408,0.00069312
4889f84883ee0148f7e148c1ea03488d04924801c04829c74885d2410fb604384889d78806,0.00069312
488b55b0488b4590480fbd44d0f889d1c1e1068d997fffffff4489e94883f03f29c3b801000000d3e0098540ffffff,0.00069312
48c78530ffffff000000000f1f4400004883bd70ffffff00,0.00069312
4c8b6308488b73104d85e4488b8630030000,0.00069312
488b9388000000644c8b0425100000004c3b4208,0.00069312
84db,0.00069312
48c7420800000000,0.00069312
0fb6410583e0033c03,0.00069312
498b3424488b38,0.00069312
4c89de31c931c031d2,0.00069312
488bbd08ffffff48898538ffffff448b8d30ffffff4885ff,0.00069312
554889e5415741564989ce415541544989d4534c89c34883ec584983f81f48897dc0488975c8,0.00069312
3b5c241c4863f3488d3476488d54f030,0.00069312
4489e94889c24c89e6,0.00069312
48c74318010000004883c40883c5305b89e85d,0.00069312
4881fdff030000,0.00069312
41837a2c66,0.00069312
0fb65405008814074883c0014c39e8,0.00069312
4189c1,0.00069312
4c8b064c8b4ef831c04c0fa5c04883ea03,0.00069312
48b9cdcccccccccccccc660f1f4400004889f84883ee0148f7e148c1ea03488d04924801c04829c74885d2410fb604384889d78806,0.00069312
488b4d804c8b9d38ffffff4989c04889830804000048898b1004000031f64885c9,0.00069312
41f6c402,0.00069312
488b75a0488b7d98488d4ccb084989d04889c2,0.00069312
4a0fbd4cfff84883f13f85c94189c8,0.00069312
488b8db8faffff4c29e94801c848898d88faffff4889c1b800000000480f49c183bdd0faffff00488985c0faffff898590faffff,0.00069312
8b4db84983ec18418b44241001d883e80139c8,0.00069312
4c8b5d984529c2b8010000004489f94d8b03d3e0098540ffffff4489e0448955b84429d04585d2440f48e04d85c0,0.00069312
4889e648c744241000000000,0.00069312
4c8b4b204d85c9,0.00069312
0fb65004c0ea0480fa02,0.00069312
488b8dc8faffff4839c1,0.00069312
488bbd18ffffff44898d30ffffff,0.00069312
488bb568faffff488d8570fbffff488d9550fbffff4889df48898550fbffff,0.00069312
488b7c242831f683c301,0.00069312
488b4da048833900,0.00069312
488b5730488b7f284839fa,0.00069312
4c8b8d78ffffff4531f6410fb6811403000083e0033c024c89c8,0.00069312
b90a0000004889fe,0.00069312
486385c0faffff4c89ea482b95b8faffff4839d0,0.00069312
488b8530fbffff4889c2488d400148898530fbffff0fb64a0180f92a,0.00069312
488bbd58ffffff48c1e8204d89fb4d031c244983fd08488b93e00200000fb70c47488bbd68ffffff488d04404c8d34c74c897580,0.00069312
83fb02,0.00069312
41574989d341564155415455534889f34881ec88000000458b6108488b8424c80000004c89442418488bac24c00000004c8bb424d800000048897c245848894c246848894424488b8424d0000000894424748b8424e00000008944247c4d8b294989f04189f74c8d4c244049c1e8064183e73f0f1f440000498b44ed00c74424700000000048c744244000000000488b78284c39f748897c2450,0.00069312
83f8358b9540ffffff8bb538ffffff,0.00069312
4189c44585ed,0.00069312
488b53184939d1,0.00069312
89d04903471083c208418917486300,0.00069312
4c8b064c8b4e0831c04c0fadc04883ea03,0.00069312
8b4db8428d14298d723f85d20f49f2c1fe064863f64889f748037da84885c048897da8,0.00069312
3dcccccc0c,0.00069312
83f834,0.00069312
f6c250,0.00069312
488b442460482b442450c4e1f32ac8488b442468482b4424584439e3c4e1fb2ac0c5f358c0c5fb58542410c5fb11542410,0.00069312
488b17488d4a0148890f0fb6520183ea3083fa09,0.00069312
4c89f14883c20148c1e1054901ce4901c60fb60284c0,0.00069312
4883c508488b5d004885db,0.00069312
4829d3488b7da089c14889da,0.00069312
8b8d28fbffffb8ffffff7f29c84401e948984939c5,0.00069312
4883bdf0faffff00488985b8faffff448b9d90faffff,0.00069312
4531ed41b90c0000004c89fa48899d38ffffff4489ebc78540ffffff000000004589cd4d89f7,0.00069312
41f644247402418b7c24704889da4889ee,0.00069312
0fbcc2,0.00069312
4c8b9550ffffff89b538ffffff899540ffffff,0.00069312
480fafc2,0.00069312
498b4424604885c0,0.00069312
8b074889fd4989f425000a00003d000a0000,0.00069312
488bb5b8faffff488b83d80000004889df4929f54c89ea,0.00069312
4883ec28c744240c01000000c7442408f675ae03b95f00000048890424b8a8e3500048c1e0044883c2014801c14889c825000000f048c1e8184831c80fb60a84c9,0.00069312
49037424104989330f1f8400000000004983c4184c39a560ffffff,0.00069312
8b8560ffffff410fb6560c85c0,0.00069312
83f83041b901000000,0.00069312
488b004885c0,0.00069312
8b8540ffffff4885d24d89fe488b9d38ffffff4989d78945b8,0.00069312
837dbc66,0.00069312
81bdc8faffffc7030000,0.00069312
4883bdc0feffff00,0.00069312
4829cf4883ff144989f8,0.00069312
4983fd0f,0.00069312
8d0c00d1f983f9fc,0.00069312
83bd84faffff00,0.00069312
8d4ad080f9098d48d0,0.00069312
488b8530fbffff4489a528fbffff803800,0.00069312
8d8747ffffff29e8,0.00069312
488b55a8448b55b841bf0c000000c78540ffffff0000000048899d38ffffff488d4a0141f7da48894da8488b4da0488904d1488d4580c745c001000000448955b848898520ffffff0f1f004983ed1845395514,0.00069312
488b04d7488b0cd64839c8,0.00069312
8b8524fbffff85c0,0.00069312
448b45b848c745b0000000004489c2c1fa1f89d14431c129d183c13fc1f90683c1044863c9488d34cd1e0000004883e6f04829f4488d7c241f4829f4488d4c241f4829f44883e7f04883e1f048897da048894d98488d4c241f4883e1f04183f80248894d90,0.00069312
48895c2408488904248b032500800000,0.00069312
498b07be250000004c89f7488985a0fbffff498b4708488985a8fbffff498b4710488985b0fbffff,0.00069312
448b95c8faffff44039588faffff442b95c0faffff4883bd98faffff00,0.00069312
488b7da04531c948833f00,0.00069312
4489e04881c4282100005b5d415c415d,0.00069312
488b7c24184c89fa4889ee,0.00069312
488b7598488b7da04c89f2,0.00069312
4c89e1448b955cffffff4585d2,0.00069312
458b5008b8000000004585d24c0f44c0418b3e488b8d48ffffff4889de4803bd30ffffff488b9528ffffff48c744240800000000c70424010000004c899d38ffffff,0.00069312
83bdb8faffff00418b17,0.00069312
498b9424900000004885d2,0.00069312
83420401488b742440488b6c24484829f585ed,0.00069312
488b4510488b75204839f0,0.00069312
8b90cc03000085d2,0.00069312
488bbde0feffff48b8fcffffffffffff3f4839c7,0.00069312
48f7e14983c304,0.00069312
f3480fbcc139c20f4ec241b9400000004529c14585e4,0.00069312
66443b23,0.00069312
89d083e0014409c884c0,0.00069312
438d4c05004889c24c89e6,0.00086640
418b164439ea,0.00086640
488b0741b8ffffff7f0fb60083e830488b17488d4a0148890f0fb6520183ea3083fa09,0.00086640
80bdd0feffff66,0.00086640
488b094883f901,0.00086640
448b9d58ffffff4585db,0.00086640
8bb528ffffff4c8d7804c78540ffffff0100000089308b8558ffffff85c0,0.00086640
4189449d084883c3014139df,0.00086640
8bb5f4feffff4c8bad40ffffff488b9d20ffffff89f089b5d8feffff83e801498d44850441f6460c08,0.00086640
4c8d4708b801000000,0.00086640
4c8b5424204d29c14d85d2,0.00103968
448b8540ffffff4585c0,0.00103968
4983bc242801000000,0.00103968
80f909,0.00103968
4883c210488b024885c0,0.00103968
410fb6460ca840,0.00103968
488b7b10488d4aff48837cd7f800,0.00103968
4d01d14c39cd,0.00103968
48c1e0044883c2014801c14889c825000000f048c1e8184831c80fb60a84c9,0.00103968
f70300800000,0.00103968
5d,0.00103968
488b83880000004c8b838800000048895008418340040185ed,0.00103968
4c8b52104d85d2,0.00103968
664585d2,0.00103968
4883fa20,0.00103968
415541544989fc55534883ec1883fe20,0.00103968
83fbff,0.00103968
31d2,0.00103968
a810,0.00103968
8b4dc085c9,0.00103968
488d7001488973288810438d043929c84983ed01,0.00103968
498b8424d80000004863d34c89ee4c89e7,0.00103968
488b4770488b7008488b4768488b40084889442460488b87f80200004885c0,0.00103968
4885c04989c4,0.00103968
4883c7014139fd,0.00103968
31ed83fa0f89d3,0.00103968
4983c00483c10141f640fc01,0.00103968
85ff,0.00103968
a820,0.00103968
488b5320488b4b18488b73084829d14885d2488904ce488b2e48895318,0.00103968
4883f8ff,0.00103968
48f7c701000000,0.00103968
4e8914df4901c14c11c24e894cdf084c01c24889d05b,0.00103968
f644247c02,0.00103968
4c39e0,0.00103968
496306c745bc6600000085c0898558ffffff,0.00103968
4889034883c40883c5305b89e85d,0.00103968
834b7404488d8424f0000000488d5424084c89d64889dfc744240818000000c744240c300000004889442410488d4424204889442418,0.00103968
4489c1238ff00200004c8b14c88b8ff40200004889d848d3e84889c14c89d048d3e84489f949d3ea4c21d0a801,0.00103968
8b97ec02000085d2,0.00103968
8b0a89c84831d848d1e8,0.00103968
4889164883c4784c89e05b5d415c415d415e415f,0.00103968
8a073a06,0.00103968
488b084883c0084c89c24801ca,0.00103968
85ed,0.00103968
0fbcc0488d0407,0.00103968
25ffffff0f3df675ae03,0.00103968
f6871503000020,0.00103968
440fb64a044183e10f4180f906,0.00103968
0f1f4000488b0e4c8b460848890f4c89470883ea10488d7610488d7f10,0.00103968
4585ed,0.00103968
4c8b5a084d89d94c03084c39cd,0.00103968
88174883c7014983c6044d39f4,0.00103968
4585db,0.00103968
be01000000,0.00121296
4c8b838800000064488b142510000000493b5008,0.00121296
4883c40889e85b5d,0.00121296
4531e4898520ffffff4889d8c785f8feffff000000004c89fb4589e74989c48b8520ffffff,0.00121296
8943fc83f830,0.00121296
4439c8,0.00121296
4139c789c6,0.00121296
4883bd98faffff00,0.00121296
4585e4,0.00138624
83f802,0.00138624
488bbd68faffff,0.00138624
4889f8,0.00138624
4883c4085b5d415c415d,0.00138624
f20f10260f5af4660f59f6660f58d64883c6080f1f40004d85d2,0.00138624
4883fa204889f8,0.00138624
4885c04989c7,0.00138624
4183ef014939c5,0.00138624
4889df,0.00138624
4889c7,0.00138624
4831ca4c09c248ffc2,0.00138624
660f6ece89f825ff0f0000660f60c93dc00f0000660f61c9660f70c900,0.00138624
85d2,0.00138624
4885ed,0.00138624
0fb60e880f48ffc648ffc7f6c202,0.00138624
4885db,0.00138624
f30f6f07660fefdb660f6fe0660f74c1660f74e3660febc4660fd7c085c0,0.00138624
488b9388000000836a0401,0.00138624
410fb130,0.00138624
4883f821,0.00138624
4c8b9550ffffff4183c7014883c304,0.00173280
4883ec08,0.00173280
4d85f6,0.00173280
0fbe85f8faffff83e82048980fb61402486304904c01e0,0.00173280
83f8ff,0.00173280
4883c408,0.00173280
488b7c242031f6,0.00173280
4883bd08fbffff00,0.00173280
4885f6,0.00173280
660f58c1660f58d3660f58c2660f7cc0f20f51c0f20f5ac0,0.00173280
4929fd4c39eb4c0f46eb4983fd14,0.00190608
498b7c24284d8b6c24304c39ef,0.00207936
4d85e4,0.00207936
4989fc4889f54889d3,0.00207936
83bda8faffff00,0.00207936
4885ff,0.00207936
415631c04885d24989d6415541545553,0.00207936
4585d2,0.00207936
81e2f0000000,0.00225264
f6c201,0.00242592
4c0168084885c0,0.00242592
f6c202,0.00242592
f6c204,0.00242592
31c0,0.00242592
f6c208,0.00242592
85db,0.00242592
4885d2,0.00242592
483d01f0ffff,0.00311904
4d85ed,0.00346560
488d65d85b415c415d415e415f5d,0.00485185
4885c0,0.00970369
85c0,0.01750130
,0.06827240
